time,bearing,range,landmark_id
0.04000000000000625,0.22925078217059217,10.469697046095837,6
0.14000000000000057,0.46901822936357196,3.7787331413239764,3
0.14000000000000057,0.22925078217059217,10.469697046095837,6
0.2400000000000091,0.46901822936357196,3.7787331413239764,3
0.2400000000000091,0.22925078217059217,10.469697046095837,6
0.3400000000000034,0.46901822936357196,3.7787331413239764,3
0.3400000000000034,0.22925078217059217,10.469697046095837,6
0.4399999999999977,0.46901822936357196,3.7787331413239764,3
0.4399999999999977,0.22925078217059217,10.469697046095837,6
0.5400000000000063,0.46901822936357196,3.7787331413239764,3
0.5400000000000063,0.22925078217059217,10.469697046095837,6
0.6400000000000006,0.46901822936357196,3.7787331413239764,3
0.6400000000000006,0.22925078217059217,10.469697046095837,6
0.7400000000000091,0.46901822936357196,3.7787331413239764,3
0.7400000000000091,0.22925078217059217,10.469697046095837,6
0.8400000000000034,0.46901822936357196,3.7787331413239764,3
0.8400000000000034,0.22925078217059217,10.469697046095837,6
0.9399999999999977,0.46901822936357196,3.7787331413239764,3
0.9399999999999977,0.22925078217059217,10.469697046095837,6
1.0400000000000063,0.46901822936357196,3.7787331413239764,3
1.0400000000000063,0.22925078217059217,10.469697046095837,6
1.1400000000000006,0.46901822936357196,3.7787331413239764,3
1.1400000000000006,0.22925078217059217,10.469697046095837,6
1.240000000000009,0.46901822936357196,3.7787331413239764,3
1.240000000000009,0.22925078217059217,10.469697046095837,6
1.3400000000000034,0.46901822936357196,3.7787331413239764,3
1.3400000000000034,0.22925078217059217,10.469697046095837,6
1.4399999999999977,0.46901822936357196,3.7787331413239764,3
1.4399999999999977,0.22925078217059217,10.469697046095837,6
1.5400000000000063,0.46901822936357196,3.7787331413239764,3
1.5400000000000063,0.22925078217059217,10.469697046095837,6
1.6400000000000006,0.46901822936357196,3.7787331413239764,3
1.6400000000000006,0.22925078217059217,10.469697046095837,6
1.740000000000009,0.46901822936357196,3.7787331413239764,3
1.740000000000009,0.22925078217059217,10.469697046095837,6
1.8400000000000034,0.46901822936357196,3.7787331413239764,3
1.8400000000000034,0.22925078217059217,10.469697046095837,6
1.9399999999999977,0.46901822936357196,3.7787331413239764,3
1.9399999999999977,0.22925078217059217,10.469697046095837,6
2.0400000000000063,0.46901822936357196,3.7787331413239764,3
2.0400000000000063,0.22925078217059217,10.469697046095837,6
2.1400000000000006,0.46901822936357196,3.7787331413239764,3
2.1400000000000006,0.22925078217059217,10.469697046095837,6
2.240000000000009,0.46901822936357196,3.7787331413239764,3
2.240000000000009,0.22925078217059217,10.469697046095837,6
2.3400000000000034,0.46901822936357196,3.7787331413239764,3
2.3400000000000034,0.22925078217059217,10.469697046095837,6
2.4399999999999977,0.46901822936357196,3.7787331413239764,3
2.4399999999999977,0.22925078217059217,10.469697046095837,6
2.5400000000000063,0.46901822936357196,3.7787331413239764,3
2.5400000000000063,0.22925078217059217,10.469697046095837,6
2.6400000000000006,0.46901822936357196,3.7787331413239764,3
2.6400000000000006,0.22925078217059217,10.469697046095837,6
2.740000000000009,0.46901822936357196,3.7787331413239764,3
2.740000000000009,0.22925078217059217,10.469697046095837,6
2.8400000000000034,0.46901822936357196,3.7787331413239764,3
2.8400000000000034,0.22925078217059217,10.469697046095837,6
2.9399999999999977,0.46901822936357196,3.7787331413239764,3
2.9399999999999977,0.22925078217059217,10.469697046095837,6
3.0400000000000063,0.46901822936357196,3.7787331413239764,3
3.0400000000000063,0.22925078217059217,10.469697046095837,6
3.1400000000000006,0.46901822936357196,3.7787331413239764,3
3.1400000000000006,0.22925078217059217,10.469697046095837,6
3.240000000000009,0.46901822936357196,3.7787331413239764,3
3.240000000000009,0.22925078217059217,10.469697046095837,6
3.3400000000000034,0.46901822936357196,3.7787331413239764,3
3.3400000000000034,0.22925078217059217,10.469697046095837,6
3.4399999999999977,0.46901822936357196,3.7787331413239764,3
3.4399999999999977,0.22925078217059217,10.469697046095837,6
3.5400000000000063,0.46901822936357196,3.7787331413239764,3
3.5400000000000063,0.22925078217059217,10.469697046095837,6
3.6400000000000006,0.46901822936357196,3.7787331413239764,3
3.6400000000000006,0.22925078217059217,10.469697046095837,6
3.740000000000009,0.46901822936357196,3.7787331413239764,3
3.740000000000009,0.22925078217059217,10.469697046095837,6
3.8400000000000034,0.46901822936357196,3.7787331413239764,3
3.8400000000000034,0.22925078217059217,10.469697046095837,6
3.9399999999999977,0.46901822936357196,3.7787331413239764,3
3.9399999999999977,0.22925078217059217,10.469697046095837,6
4.040000000000006,0.46901822936357196,3.7787331413239764,3
4.040000000000006,0.22925078217059217,10.469697046095837,6
4.140000000000001,0.46901822936357196,3.7787331413239764,3
4.140000000000001,0.22925078217059217,10.469697046095837,6
4.240000000000009,0.46901822936357196,3.7787331413239764,3
4.240000000000009,0.22925078217059217,10.469697046095837,6
4.340000000000003,0.46901822936357196,3.7787331413239764,3
4.340000000000003,0.22925078217059217,10.469697046095837,6
4.439999999999998,0.46901822936357196,3.7787331413239764,3
4.439999999999998,0.22925078217059217,10.469697046095837,6
4.540000000000006,0.46901822936357196,3.7787331413239764,3
4.540000000000006,0.22925078217059217,10.469697046095837,6
4.640000000000001,0.46901822936357196,3.7787331413239764,3
4.640000000000001,0.22925078217059217,10.469697046095837,6
4.740000000000009,0.46901822936357196,3.7787331413239764,3
4.740000000000009,0.22925078217059217,10.469697046095837,6
4.840000000000003,0.46901822936357196,3.7787331413239764,3
4.840000000000003,0.22925078217059217,10.469697046095837,6
4.939999999999998,0.46901822936357196,3.7787331413239764,3
4.939999999999998,0.22925078217059217,10.469697046095837,6
5.040000000000006,0.46901822936357196,3.7787331413239764,3
5.040000000000006,0.22925078217059217,10.469697046095837,6
5.140000000000001,0.46901822936357196,3.7787331413239764,3
5.140000000000001,0.22925078217059217,10.469697046095837,6
5.240000000000009,0.46901822936357196,3.7787331413239764,3
5.240000000000009,0.22925078217059217,10.469697046095837,6
5.340000000000003,0.46901822936357196,3.7787331413239764,3
5.340000000000003,0.22925078217059217,10.469697046095837,6
5.439999999999998,0.46901822936357196,3.7787331413239764,3
5.439999999999998,0.22925078217059217,10.469697046095837,6
5.540000000000006,0.46901822936357196,3.7787331413239764,3
5.540000000000006,0.22925078217059217,10.469697046095837,6
5.640000000000001,0.46901822936357196,3.7787331413239764,3
5.640000000000001,0.22925078217059217,10.469697046095837,6
5.740000000000009,0.46901822936357196,3.7787331413239764,3
5.740000000000009,0.22925078217059217,10.469697046095837,6
5.840000000000003,0.46901822936357196,3.7787331413239764,3
5.840000000000003,0.22925078217059217,10.469697046095837,6
5.939999999999998,0.46901822936357196,3.7787331413239764,3
5.939999999999998,0.22925078217059217,10.469697046095837,6
6.040000000000006,0.46901822936357196,3.7787331413239764,3
6.040000000000006,0.22925078217059217,10.469697046095837,6
6.140000000000001,0.46901822936357196,3.7787331413239764,3
6.140000000000001,0.22925078217059217,10.469697046095837,6
6.240000000000009,0.46901822936357196,3.7787331413239764,3
6.240000000000009,0.22925078217059217,10.469697046095837,6
6.340000000000003,0.46901822936357196,3.7787331413239764,3
6.340000000000003,0.22925078217059217,10.469697046095837,6
6.439999999999998,0.46901822936357196,3.7787331413239764,3
6.439999999999998,0.22925078217059217,10.469697046095837,6
6.540000000000006,0.46901822936357196,3.7787331413239764,3
6.540000000000006,0.22925078217059217,10.469697046095837,6
6.640000000000001,0.46901822936357196,3.7787331413239764,3
6.640000000000001,0.22925078217059217,10.469697046095837,6
6.740000000000009,0.46901822936357196,3.7787331413239764,3
6.740000000000009,0.22925078217059217,10.469697046095837,6
6.840000000000003,0.46901822936357196,3.7787331413239764,3
6.840000000000003,0.22925078217059217,10.469697046095837,6
6.939999999999998,0.46901822936357196,3.7787331413239764,3
6.939999999999998,0.22925078217059217,10.469697046095837,6
7.040000000000006,0.46901822936357196,3.7787331413239764,3
7.040000000000006,0.22925078217059217,10.469697046095837,6
7.140000000000001,0.46901822936357196,3.7787331413239764,3
7.140000000000001,0.22925078217059217,10.469697046095837,6
7.240000000000009,0.46901822936357196,3.7787331413239764,3
7.240000000000009,0.22925078217059217,10.469697046095837,6
7.340000000000003,0.46901822936357196,3.7787331413239764,3
7.340000000000003,0.22925078217059217,10.469697046095837,6
7.439999999999998,0.46901822936357196,3.7787331413239764,3
7.439999999999998,0.22925078217059217,10.469697046095837,6
7.540000000000006,0.46901822936357196,3.7787331413239764,3
7.540000000000006,0.22925078217059217,10.469697046095837,6
7.640000000000001,0.46901822936357196,3.7787331413239764,3
7.640000000000001,0.22925078217059217,10.469697046095837,6
7.740000000000009,0.46901822936357196,3.7787331413239764,3
7.740000000000009,0.22925078217059217,10.469697046095837,6
7.840000000000003,0.46901822936357196,3.7787331413239764,3
7.840000000000003,0.22925078217059217,10.469697046095837,6
7.939999999999998,0.46901822936357196,3.7787331413239764,3
7.939999999999998,0.22925078217059217,10.469697046095837,6
8.040000000000006,0.46901822936357196,3.7787331413239764,3
8.040000000000006,0.22925078217059217,10.469697046095837,6
8.14,0.46901822936357196,3.7787331413239764,3
8.14,0.22925078217059217,10.469697046095837,6
8.240000000000009,0.46901822936357196,3.7787331413239764,3
8.240000000000009,0.22925078217059217,10.469697046095837,6
8.340000000000003,0.46813449202418894,3.7778411566744565,3
8.340000000000003,0.22833105564824,10.46745493654731,6
8.439999999999998,0.46545490089879965,3.777185964783329,3
8.439999999999998,0.22545650109214746,10.485978487429657,6
8.540000000000006,0.46098542227472517,3.7730981898754723,3
8.540000000000006,0.22065584025485602,10.478882359877296,6
8.64,0.5208395550518605,7.285355351712177,2
8.64,0.4546537892985839,3.7700345433488347,3
8.64,0.21379925963417096,10.471293822421963,6
8.740000000000009,0.5125998448916745,7.269292409326033,2
8.740000000000009,0.4464894304456544,3.763342725321839,3
8.740000000000009,0.2049793781646217,10.466852291190852,6
8.840000000000003,0.5025075839589117,7.273651292700902,2
8.840000000000003,0.436467947167762,3.7550667553282424,3
8.840000000000003,0.19417713451473714,10.503007359256282,6
8.939999999999998,0.4905427927470118,7.27529487001462,2
8.939999999999998,0.4246103305572082,3.7457479458641014,3
8.939999999999998,0.18135819921526208,10.489426597088366,6
9.040000000000006,0.47686583660305815,7.278402994741105,2
9.040000000000006,0.4110629696666438,3.7327089753010636,3
9.040000000000006,0.16670683333383987,10.472374776485543,6
9.14,0.4630326911558916,7.277068129248719,2
9.14,0.3973170403855738,3.721559483793663,3
9.14,0.15172471319637096,10.456980459721649,6
9.240000000000009,0.44922765473920756,7.24013191042693,2
9.240000000000009,0.38365657846146234,3.7065046633454037,3
9.240000000000009,0.136773076057379,10.428954502460323,6
9.340000000000003,0.4355548491659778,7.240310558723535,2
9.340000000000003,0.370102069582561,3.6893098510532156,3
9.340000000000003,0.1217905918770682,10.409652460150484,6
9.439999999999998,0.4219877074254098,7.211405065908542,2
9.439999999999998,0.35667750387128444,3.671823373704085,3
9.439999999999998,0.106804486743833,10.468019785666824,6
9.540000000000006,0.40852604448870783,7.1930742686046845,2
9.540000000000006,0.3433558789693441,3.6525168422715817,3
9.540000000000006,0.09178713965830901,10.45237020437268,6
9.64,0.39517202373587307,7.203434369165775,2
9.64,0.3301437406860831,3.6276864544313723,3
9.64,0.07674341058258151,10.439096843294015,6
9.740000000000009,0.3818899971990559,7.173623579532256,2
9.740000000000009,0.31701499929901267,3.605393833720573,3
9.740000000000009,0.06171466315008202,10.428223814718597,6
9.840000000000003,0.3686745459325381,7.156582373625752,2
9.840000000000003,0.30396201569306464,3.582103092913405,3
9.840000000000003,0.046643330875439856,10.31854146007841,6
9.939999999999998,0.3554537201045863,7.133275220501801,2
9.939999999999998,0.29087810809639675,3.553464630898312,3
9.939999999999998,0.03154407431515395,10.312449149544832,6
10.040000000000006,0.3421856398554183,7.114300855260907,2
10.040000000000006,0.27768799404752265,3.5267123814971613,3
10.040000000000006,0.016478581910414306,10.308718585833738,6
10.14,0.32884621391461805,7.088444964055212,2
10.14,0.26440018945022925,3.5013650057612584,3
10.14,0.001038251356537733,10.208215649578582,6
10.240000000000009,0.31544389079176083,7.108219419913131,2
10.240000000000009,0.2510381455431972,3.4682094567828363,3
10.240000000000009,-0.014132954819226145,10.111998969111173,6
10.340000000000003,0.30195057891599447,7.079843306157583,2
10.340000000000003,0.23757460568198835,3.4334639117982846,3
10.340000000000003,-0.029225306698421914,10.115308627415674,6
10.439999999999998,0.2883844968180703,7.05810808989137,2
10.439999999999998,0.22399813440052052,3.4177324083714424,3
10.439999999999998,-0.04487201539882058,10.082358952364565,6
10.540000000000006,0.27474678791632884,7.032718940799569,2
10.540000000000006,0.210343173883906,3.3842570346937606,3
10.540000000000006,-0.06023486147910805,10.129359409254686,6
10.64,0.2610279860045083,7.012989231655487,2
10.64,0.196572588740237,3.3510810608985353,3
10.64,-0.0755817416451131,10.044278224106105,6
10.740000000000009,0.24724507418274977,6.990962449328056,2
10.740000000000009,0.18269826815590517,3.3270000011726526,3
10.740000000000009,-0.09109872892202164,10.009767589304994,6
10.840000000000003,0.23337678192268757,6.9250491831555285,2
10.840000000000003,0.16869388440943045,3.30314175572294,3
10.840000000000003,-0.1066502860623775,10.072835214410834,6
10.939999999999998,0.2194186309936003,6.905693111598061,2
10.939999999999998,0.15458147222327817,3.2765399537215134,3
10.939999999999998,-0.12216192102465846,9.949044668183385,6
11.040000000000006,0.20537794177216143,6.855989343586716,2
11.040000000000006,0.14038698189350465,3.243541115183113,3
11.040000000000006,-0.13780096069839215,9.951500518482254,6
11.14,0.1912500338750322,6.837138272958387,2
11.14,0.12603150706661145,3.2171163948363652,3
11.14,-0.1534345957434884,9.890365924923042,6
11.14,0.5123126495885503,11.646292418627885,7
11.240000000000009,0.17705599663737803,6.818328476694107,2
11.240000000000009,0.11160074520614104,3.190136661975253,3
11.240000000000009,-0.16915661372905233,9.824120870752642,6
11.240000000000009,0.4983561427939756,11.606258417807787,7
11.340000000000003,0.16278881902521805,6.802123108474225,2
11.340000000000003,0.0969641676611622,3.1550974987111906,3
11.340000000000003,-0.1849126918682615,9.756081280868207,6
11.340000000000003,0.4845444826400256,11.586396554350342,7
11.439999999999998,0.1483918830928507,6.785479692468125,2
11.439999999999998,0.08227677299456318,3.1307791139109145,3
11.439999999999998,-0.20072690379935249,9.75442056188516,6
11.439999999999998,0.47053572023045354,11.558942380374877,7
11.540000000000006,0.13390724502003265,6.729675906515981,2
11.540000000000006,0.06729755256107413,3.1022230164163496,3
11.540000000000006,-0.21655882682441244,9.70917443579643,6
11.540000000000006,0.4565453530975409,11.52243531771594,7
11.64,0.11936181202827353,6.717463667541746,2
11.64,0.05250848398882402,3.0815051921567136,3
11.64,-0.2324463733262,9.715317447701397,6
11.64,0.44241164060537735,11.524518996937617,7
11.740000000000009,0.10467153542699158,6.707202904900352,2
11.740000000000009,0.03733912844036474,3.044109942693776,3
11.740000000000009,-0.24837683364672541,9.655922090395938,6
11.740000000000009,0.42836963017863977,11.547770390034271,7
11.840000000000003,0.08990317225253763,6.6569224483329865,2
11.840000000000003,0.02203277345225943,3.0167948235159883,3
11.840000000000003,-0.264372726123165,9.638913828901101,6
11.840000000000003,0.414222091639185,11.557350285800633,7
11.939999999999998,0.07501065827831944,6.6498829736641385,2
11.939999999999998,0.006623451000945684,2.9822391662931493,3
11.939999999999998,-0.28041897026553686,9.555099294007816,6
11.939999999999998,0.4000659221614978,11.568585366386646,7
12.040000000000006,0.06003296179720871,6.602418120131908,2
12.040000000000006,-0.008926120938215732,2.9573708933684326,3
12.040000000000006,-0.2965013754728248,9.524275354642016,6
12.040000000000006,0.3858824260674377,11.543826415710164,7
12.14,0.04495795958774124,6.597976564433735,2
12.14,-0.024671140963463963,2.9255565652330557,3
12.14,-0.31261289031743955,9.4996555764423,6
12.14,0.37164942127155887,11.481454533208831,7
12.240000000000009,0.029701923723352872,6.516089105415192,2
12.240000000000009,-0.04056121217728868,2.8951710550584275,3
12.240000000000009,-0.32877469469681786,9.470221990466815,6
12.240000000000009,0.35744401607106413,11.465796506746614,7
12.340000000000003,0.014586090249828302,6.513906754124957,2
12.340000000000003,-0.056717845525670676,2.8662096274497535,3
12.340000000000003,-0.34496798540019497,9.471904102565054,6
12.340000000000003,0.34320532189490244,11.43406426408986,7
12.439999999999998,-0.0009553933910828543,6.473503276980414,2
12.439999999999998,-0.07277783575338537,2.8385910898452784,3
12.439999999999998,-0.36128665055591297,9.388413038035107,6
12.439999999999998,0.3287872836256112,11.400942596085567,7
12.540000000000006,-0.01656831188060187,6.472166296554761,2
12.540000000000006,-0.08922498452915305,2.803830339092935,3
12.540000000000006,-0.3775547482814814,9.350303251273045,6
12.540000000000006,0.3145281789313676,11.393417841515758,7
12.64,-0.03219675094779185,6.43760220999365,2
12.64,-0.1058266840702387,2.778266824358754,3
12.64,-0.3939145392534539,9.332116378010173,6
12.64,0.30013892351336074,11.401454708912288,7
12.740000000000009,-0.04793595242539034,6.402861345053056,2
12.740000000000009,-0.12259829081043044,2.7443500848579476,3
12.740000000000009,-0.4103041177405324,9.312645156816034,6
12.740000000000009,0.28569690117074825,11.339346986519708,7
12.840000000000003,-0.06381725648519936,6.330545460052211,2
12.840000000000003,-0.13954702039146794,2.7170165728590523,3
12.840000000000003,-0.42678642250008736,9.253050548972197,6
12.840000000000003,0.27116385899266493,11.326138857244766,7
12.939999999999998,-0.07987906512141904,6.299789600396404,2
12.939999999999998,-0.1567000614395211,2.688331515487117,3
12.939999999999998,-0.4432736970516281,9.211522380374952,6
12.939999999999998,0.25668386966849505,11.279946476312462,7
13.040000000000006,-0.09602306613490823,6.27126211434252,2
13.040000000000006,-0.1740497040374894,2.6557069799032202,3
13.040000000000006,-0.4597952199595072,9.196871551342547,6
13.040000000000006,0.24207390349794145,11.249009337743098,7
13.14,-0.11233851442975776,6.2450687486449805,2
13.14,-0.191612917171135,2.62470316703561,3
13.14,-0.4763514328049137,9.183167670735116,6
13.14,0.22745908843215967,11.242920716208044,7
13.240000000000009,-0.12879267852290124,6.1841606944697585,2
13.240000000000009,-0.20938100547758187,2.595758508149229,3
13.240000000000009,-0.4930253187866598,9.098838128420743,6
13.240000000000009,0.21291129985937632,11.196426096759623,7
13.340000000000003,-0.14539532195143726,6.160780180966695,2
13.340000000000003,-0.22736758037709945,2.5669389726260974,3
13.340000000000003,-0.5096797875461421,9.083697073708958,6
13.340000000000003,0.198198742652557,11.172956879635576,7
13.439999999999998,-0.16209412675495855,6.139946933310702,2
13.439999999999998,-0.24558981833117716,2.5366960778103937,3
13.439999999999998,0.18353808430027196,11.148820611275783,7
13.540000000000006,-0.17896830740372913,6.085942925464034,2
13.540000000000006,-0.26402859438334597,2.504989247112068,3
13.540000000000006,0.16876587366472012,11.129214510028127,7
13.64,-0.19600069243461773,6.065563964838042,2
13.64,-0.28271414377048965,2.476324590063642,3
13.64,0.1538932796806643,11.121179090786171,7
13.740000000000009,-0.21318219896358065,6.025622963129446,2
13.740000000000009,-0.30163819575377215,2.4448661575044994,3
13.740000000000009,0.13896498533402302,11.100894973667987,7
13.840000000000003,-0.23053830874124415,5.977715088293787,2
13.840000000000003,-0.32080392384586975,2.4160482445705833,3
13.840000000000003,0.12414804835848507,11.085589789033984,7
13.939999999999998,-0.24804363733812756,5.944278816895703,2
13.939999999999998,-0.34023431447108726,2.3890632736240125,3
13.939999999999998,0.10922960548041384,11.056718522556661,7
14.040000000000006,-0.2657140340515853,5.929598307547767,2
14.040000000000006,-0.35992063596794427,2.3600896297815948,3
14.040000000000006,0.09426765066565093,11.108213747187712,7
14.14,-0.2835842665208205,5.869654718886,2
14.14,-0.37988564355642596,2.3308511023883844,3
14.14,0.07922827805347733,10.984686520282896,7
14.240000000000009,-0.30159526246511875,5.854007576138063,2
14.240000000000009,-0.4001303195787449,2.302535285852679,3
14.240000000000009,0.06412413762929363,10.989111995259844,7
14.340000000000003,-0.3198066976173403,5.80117165442209,2
14.340000000000003,-0.420648591549269,2.273777392839741,3
14.340000000000003,0.04895549744548173,10.956303978828679,7
14.439999999999998,-0.33819632585133536,5.780195399574906,2
14.439999999999998,-0.4414585722567955,2.2456141671994176,3
14.439999999999998,0.03360976607399446,10.951069778275315,7
14.540000000000006,-0.3567864228491624,5.730441737082791,2
14.540000000000006,0.01858040998055494,10.946774638716779,7
14.64,-0.3755555598370363,5.713913694022365,2
14.64,0.003808597961100146,10.944964487173575,7
14.740000000000009,-0.39454721057060366,5.667744996513919,2
14.740000000000009,-0.011658707431836772,10.945628993020946,7
14.840000000000003,-0.41369962094146606,5.647945233943979,2
14.840000000000003,-0.026754021345267987,10.948803327304347,7
14.939999999999998,-0.4330450559639269,5.608139210238176,2
14.939999999999998,-0.042293069961548475,10.842900215125898,7
15.040000000000006,-0.4525669103011535,5.582499372898151,2
15.040000000000006,-0.05743060147427994,10.851094315341706,7
15.14,-0.4709353572571113,5.548357668130823,2
15.14,-0.07291007816342424,10.816811163284909,7
15.240000000000009,-0.48853731273425033,5.525549372986767,2
15.240000000000009,-0.08839419569211042,10.65815035743676,7
15.340000000000003,-0.10381195087914877,10.674003364074185,7
15.439999999999998,-0.11939133342251419,10.641534246157901,7
15.540000000000006,-0.1350761942367849,10.563055291930446,7
15.64,-0.1506770710919059,10.567904602155142,7
15.740000000000009,-0.16637692959615025,10.50635847144662,7
15.840000000000003,-0.18199898922028096,10.506641984075696,7
15.939999999999998,-0.19771258383150989,10.469595842018007,7
16.040000000000006,-0.21346183696803805,10.464597317323472,7
16.14,-0.2292662884639144,10.334097212851148,7
16.24000000000001,-0.24526964693977665,10.324017083823437,7
16.340000000000003,-0.26111940443236425,10.28786485029819,7
16.439999999999998,-0.2772230500600804,10.289496865146733,7
16.540000000000006,-0.2931450673060532,10.24898919008778,7
16.64,-0.3091155045555227,10.238008102968532,7
16.74000000000001,-0.32516765972336115,10.135243180967391,7
16.840000000000003,-0.34135145565691594,10.10359032633769,7
16.939999999999998,-0.357421841538417,10.089854749091796,7
17.040000000000006,-0.3736252124328242,10.09204330817484,7
17.14,-0.3899213182289808,10.061902259691939,7
17.24000000000001,-0.4062574012312506,9.954420979106862,7
17.340000000000003,-0.42231279102522445,9.93207877156525,7
17.439999999999998,-0.43857276459892214,9.925981916960003,7
17.540000000000006,-0.45496245800794427,9.92131510236156,7
17.64,-0.4716329903036915,9.807491592232166,7
17.74000000000001,-0.48806416676936837,9.813875935110417,7
17.840000000000003,-0.5045944451481381,9.804875930920959,7
18.540000000000006,0.5001066212194792,7.620340556681499,1
18.64,0.48672690971917515,7.5980736298076605,1
18.74000000000001,0.4732922163089612,7.568425716006097,1
18.840000000000003,0.4598074244547746,7.541063106650092,1
18.939999999999998,0.4462835398717839,7.525760225074052,1
19.040000000000006,0.432703221852344,7.504199306212708,1
19.14,0.41907570832487234,7.488709972538151,1
19.24000000000001,0.4053707908836159,7.4919074161114265,1
19.340000000000003,0.3916532408692337,7.462970508813322,1
19.439999999999998,0.37788819766239246,7.438731939231597,1
19.540000000000006,0.364073860243244,7.41042043502877,1
19.64,0.3502125785770506,7.384488698143687,1
19.74000000000001,0.3363025195833909,7.35902033956539,1
19.840000000000003,0.3223327423962892,7.334652718158409,1
19.840000000000003,0.5197122034014562,10.574132723701169,5
19.939999999999998,0.3083276018357829,7.307901204932283,1
19.939999999999998,0.5059198689929952,10.550490079741811,5
20.040000000000006,0.2942500228709485,7.286599534018879,1
20.040000000000006,0.4920970388155612,10.512630529105163,5
20.14,0.28013406245980127,7.256065109522114,1
20.14,0.47822849344208074,10.485172545438015,5
20.24000000000001,0.26596355474794453,7.23524193235938,1
20.24000000000001,0.4643378820695183,10.474925133127567,5
20.340000000000003,0.2517422554892992,7.207187066808268,1
20.340000000000003,0.45041916994320774,10.441333085463818,5
20.439999999999998,0.2374369268076168,7.1830484058627535,1
20.439999999999998,0.43645218116727713,10.411231240080898,5
20.540000000000006,0.22311039296611218,7.158256674755731,1
20.540000000000006,0.42245403949377425,10.38715160250956,5
20.64,0.20872281004860035,7.1343868164040165,1
20.64,0.40840882573864057,10.378374429281,5
20.74000000000001,0.19425240767663196,7.107771712263826,1
20.74000000000001,0.3943202626841912,10.356342486096016,5
20.840000000000003,0.17972746886384436,7.09862160019933,1
20.840000000000003,0.38019142580392684,10.396734862412753,5
20.939999999999998,0.16516403686397432,7.082401623942823,1
20.939999999999998,0.36602535865845615,10.377866778273798,5
21.040000000000006,0.1505591582524684,7.037869978821719,1
21.040000000000006,0.3518263737815157,10.359842383158595,5
21.14,0.1358715491891322,6.996621491774503,1
21.14,0.3376066069111742,10.334929220956928,5
21.24000000000001,0.121111062764943,6.970542493346293,1
21.24000000000001,0.323329136724878,10.30090742454759,5
21.340000000000003,0.10629762897711133,6.957622286944169,1
21.340000000000003,0.3090297511662087,10.272065719917066,5
21.439999999999998,0.09142893228051045,6.909236328909176,1
21.439999999999998,0.2946777925263915,10.239869257175723,5
21.540000000000006,0.07649162588362333,6.900806498956616,1
21.540000000000006,0.28028663790815783,10.218570944800106,5
21.64,0.06153581019893126,6.862368326375697,1
21.64,0.2658370166370589,10.191904456818312,5
21.74000000000001,0.04651840754952481,6.856797299352869,1
21.74000000000001,0.2513645194541596,10.170188956467333,5
21.840000000000003,0.03145541211439034,6.852769644672674,1
21.840000000000003,0.2368642332791914,10.179723944751315,5
21.939999999999998,0.01596501031755538,6.806340818623633,1
21.939999999999998,0.4757704121847482,3.349029259360177,3
21.939999999999998,0.22230229711059876,10.153979804438467,5
22.040000000000006,0.0008769949172221776,6.76212906759479,1
22.040000000000006,0.46418382711690465,3.3242279125753424,3
22.040000000000006,0.20771247129591636,10.131974044302243,5
22.14,-0.014354363432523134,6.720020509034758,1
22.14,0.45252268827743486,3.29923378762712,3
22.14,0.19309487955228413,10.088958341952761,5
22.24000000000001,-0.030063426109827013,6.680086808494192,1
22.24000000000001,0.44081079153333447,3.2727906129945548,3
22.24000000000001,0.17838451913527106,10.089331234602524,5
22.340000000000003,-0.04542629388570733,6.683963427035462,1
22.340000000000003,0.4290420740066284,3.248541169345873,3
22.340000000000003,0.16367321195504325,10.071050937255473,5
22.439999999999998,-0.06080683107728867,6.647623772295438,1
22.439999999999998,0.41718662826738395,3.2235870334010324,3
22.439999999999998,0.14890316395772576,10.0547538954074,5
22.540000000000006,-0.07645302408047405,6.596464509395355,1
22.540000000000006,0.40526287676760436,3.1893014868604315,3
22.540000000000006,0.1340786419468433,9.971567065829236,5
22.64,-0.09216193937164013,6.566484521004457,1
22.64,0.39324722694344194,3.1711902043880023,3
22.64,0.11919828098632064,9.95294797805599,5
22.74000000000001,-0.10789410096990987,6.531251455829175,1
22.74000000000001,0.3811740974241768,3.146073515339832,3
22.74000000000001,0.1042861321541223,9.934186716621925,5
22.840000000000003,-0.12371570666640923,6.498888343114438,1
22.840000000000003,0.36900752600288506,3.11924955203855,3
22.840000000000003,0.0893449668671448,9.918330956871156,5
22.939999999999998,-0.13956750237056734,6.469594197785091,1
22.939999999999998,0.35675399455767687,3.093808552435534,3
22.939999999999998,0.07437552955317712,9.903561994192216,5
23.040000000000006,-0.15553595578247564,6.409649096488128,1
23.040000000000006,0.3444386662111408,3.066219369724646,3
23.040000000000006,0.059355507513270823,9.939503738077942,5
23.14,-0.17158280240003357,6.380595682317948,1
23.14,0.33201851877726324,3.039094881329659,3
23.14,0.04425516237752632,9.931724213018775,5
23.24000000000001,-0.18769500389553448,6.359358174893386,1
23.24000000000001,0.31950078516004726,3.0129758715131434,3
23.24000000000001,0.02895083079445341,9.744026822771891,5
23.340000000000003,-0.20384579336609465,6.336109270586606,1
23.340000000000003,0.3069157092195235,2.985458942044498,3
23.340000000000003,0.013822273158482447,9.740875498295432,5
23.439999999999998,-0.2201087948367689,6.288106612597083,1
23.439999999999998,0.2942063351739551,2.957533494037029,3
23.439999999999998,-0.0014340986938504567,9.739955006264676,5
23.540000000000006,-0.23645003145336455,6.26340202309651,1
23.540000000000006,0.2814140570155209,2.9321050425409956,3
23.540000000000006,-0.01656532150060459,9.741281511845022,5
23.64,-0.2528502629438286,6.242487890837249,1
23.64,0.26852277582461714,2.9043363101489463,3
23.64,-0.03186362323644937,9.656301584572015,5
23.74000000000001,-0.2693227169515025,6.19929721085572,1
23.74000000000001,0.25552172460260175,2.875786201828051,3
23.74000000000001,-0.047114316928700085,9.66212049017464,5
23.840000000000003,-0.2859025431406894,6.163561947535983,1
23.840000000000003,0.24239631080119114,2.849390773788539,3
23.840000000000003,-0.06260538688305878,9.670344976437482,5
23.939999999999998,-0.3025138089159415,6.142771032602525,1
23.939999999999998,0.22919590548643037,2.8208468187804794,3
23.939999999999998,-0.0780965364601402,9.567111228867844,5
24.040000000000006,-0.3192500113919173,6.099589779288355,1
24.040000000000006,0.21584492421631954,2.7935931977492907,3
24.040000000000006,-0.09357369181855396,9.551524786512692,5
24.14,-0.33604250833197497,6.0730491217956395,1
24.14,0.2023889019657244,2.763682627200899,3
24.14,-0.10910501987666078,9.5053095890901,5
24.24000000000001,-0.3528927353272481,6.051762631111952,1
24.24000000000001,0.18880968153970504,2.7352236135304064,3
24.24000000000001,-0.1247213858791135,9.500563614039324,5
24.340000000000003,-0.3698658588087135,6.0078697157464225,1
24.340000000000003,0.1751021279636872,2.704949052526857,3
24.340000000000003,-0.14036828333264156,9.449129430457099,5
24.439999999999998,-0.38687651352464963,5.983896020051984,1
24.439999999999998,0.16126028105973397,2.682715730784115,3
24.439999999999998,-0.15607725636655775,9.37659104741923,5
24.540000000000006,-0.40400380353801246,5.947438526837753,1
24.540000000000006,0.1472735854591133,2.652086405492652,3
24.540000000000006,-0.17181738820758657,9.326034186721332,5
24.64,-0.4211857011345996,5.920470375727194,1
24.64,0.1331616920875512,2.6216618134049394,3
24.64,-0.18757317706641535,9.322516673540301,5
24.74000000000001,-0.4384721020730807,5.882670116506227,1
24.74000000000001,0.11892431675530998,2.5912130150872326,3
24.74000000000001,-0.20343274966321676,9.282625527711094,5
24.840000000000003,-0.45579579180761637,5.855175916926664,1
24.840000000000003,0.10449019403932959,2.564660936173917,3
24.840000000000003,-0.21929220799574986,9.282980997606911,5
24.939999999999998,-0.4732423329334629,5.8188843316657515,1
24.939999999999998,0.08994001115486544,2.530664342115168,3
24.939999999999998,-0.23524626987064925,9.232155367400317,5
25.040000000000006,-0.49072931128978636,5.7934195017647,1
25.040000000000006,0.0752311100342169,2.5050947959690455,3
25.040000000000006,-0.25128143688178534,9.145072172543385,5
25.14,0.06033330545309709,2.473462924630333,3
25.14,-0.26730569614993127,9.130117482177205,5
25.24000000000001,0.04526467134415396,2.44308595596643,3
25.24000000000001,-0.28337806932544846,9.106644922678836,5
25.340000000000003,0.03002340625075319,2.4139378919619103,3
25.340000000000003,-0.2995026954089013,9.071804620474204,5
25.439999999999998,0.014605217011623919,2.385993477200761,3
25.439999999999998,-0.315675385578078,9.072614731498126,5
25.540000000000006,-0.001007313257713267,2.3592319865828753,3
25.540000000000006,-0.33193650184215295,8.997226985720053,5
25.64,-0.016810257203008352,2.3234220494524704,3
25.64,-0.3482241796790277,8.962151414185968,5
25.74000000000001,-0.03283200694214709,2.299191456114957,3
25.74000000000001,-0.3645320142037145,8.939836692470964,5
25.840000000000003,-0.04904338776866005,2.2712220292593446,3
25.840000000000003,-0.3808882573896639,8.917186752251064,5
25.939999999999998,-0.06548695065995407,2.2398619013639998,3
25.939999999999998,-0.39736636362465716,8.85993020544021,5
26.040000000000006,-0.08211476846989968,2.210048169131954,3
26.040000000000006,-0.41383559893160937,8.822389479668981,5
26.14,-0.09909349916966993,2.1810315962220277,3
26.14,-0.43033963600859393,8.803569660040454,5
26.24000000000001,-0.11623585189841522,2.1458292982377163,3
26.24000000000001,-0.44688963138755083,8.789645931034263,5
26.340000000000003,-0.1336306963217961,2.1229064441464947,3
26.340000000000003,-0.4635615889792295,8.720648035567065,5
26.439999999999998,-0.15130122879140873,2.090402710248566,3
26.439999999999998,-0.4802189957433855,8.69990299071774,5
26.540000000000006,-0.16924762860150008,2.0602630706577862,3
26.540000000000006,-0.49691206052589726,8.685436934022261,5
26.64,-0.18747621527016378,2.0298506076059817,3
26.64,-0.513714376111676,8.604132059042726,5
26.74000000000001,-0.2059918282081559,1.9985304470092078,3
26.840000000000003,-0.22481758857151699,1.9665190897955203,3
26.939999999999998,-0.2439502875209464,1.940790024148542,3
27.040000000000006,-0.26342501682973485,1.9111611681596752,3
27.14,-0.28323686681497606,1.8815030908815578,3
27.24000000000001,-0.3033933909097555,1.8533673392593133,3
27.340000000000003,-0.32392845281216565,1.8236128600238228,3
27.439999999999998,-0.3448392308992545,1.795498510843943,3
27.540000000000006,-0.36613594391431337,1.7670804964568352,3
27.64,-0.3878448019753396,1.7390392240779178,3
35.64,0.5250314824184288,16.23509150775886,10
35.74000000000001,0.5108476108290243,16.247231223078295,10
35.84,0.4965841616781846,16.177345598812426,10
35.94,0.4823474734318133,16.141474189598284,10
36.040000000000006,0.46805340859993905,16.187976762970102,10
36.14,0.4537354153589937,16.12214618119641,10
36.24000000000001,0.4394010474546951,16.090694445503505,10
36.34,0.4250501148014492,16.057779775571408,10
36.44,0.4106922911990178,16.099946573367635,10
36.540000000000006,0.39625638738042107,16.016928274041465,10
36.64,0.38180283779498136,16.001211047513404,10
36.74000000000001,0.3673148391959228,16.18048589754847,10
36.84,0.3528209191468,16.160103953746958,10
36.94,0.3382917759132584,16.201959318390365,10
37.040000000000006,0.32370971328720444,16.120972298552882,10
37.14,0.30914716088101357,16.09445838120048,10
37.24000000000001,0.2945513951973005,16.058651294376634,10
37.34,0.27994642461114433,16.022334914857158,10
37.44,0.26524956069880445,15.97702246369213,10
37.540000000000006,0.25056298328648696,15.97505531385994,10
37.64,0.23581235253620622,16.08161558482208,10
37.74000000000001,0.22111393478495778,16.039445250500787,10
37.84,0.5146803269046841,8.632733371455679,8
37.84,0.2063002862542624,16.00436589579783,10
37.94,0.5013214928201538,8.590642192592505,8
37.94,0.19149316609771938,15.966171316287694,10
38.040000000000006,0.48773308309330826,8.56473072723889,8
38.040000000000006,0.17664536303292885,16.096054906245232,10
38.14,0.4741554279682542,8.606121984905608,8
38.14,0.16182017520447012,15.896352846179122,10
38.24000000000001,0.4605727631384017,8.593285093203255,8
38.24000000000001,0.14692052608509276,15.870416105026159,10
38.34,0.4469390063593208,8.544009628098472,8
38.34,0.13197106626138772,15.984574594321924,10
38.44,0.43323922861005126,8.521797788552295,8
38.44,0.11703124467153304,15.954715665689404,10
38.540000000000006,0.4194522766697322,8.490475480870202,8
38.540000000000006,0.10206908016829662,15.92848014773182,10
38.64,0.40556050315030484,8.47305133106894,8
38.64,0.08709092543518812,15.905863442170972,10
38.74000000000001,0.39177352629515116,8.42398671272068,8
38.74000000000001,0.07205896705434449,15.886808169942094,10
38.84,0.3778495689197985,8.424256207485378,8
38.84,0.05698656999817214,15.871343806842958,10
38.94,0.36393071259922516,8.375067528989359,8
38.94,0.04189121162710483,15.859493598985534,10
39.040000000000006,0.3499052277116454,8.352224310727706,8
39.040000000000006,0.026838462130593013,15.851288453524742,10
39.14,0.3358640873149527,8.328876754188784,8
39.14,0.011654154977544032,15.846656059396976,10
39.24000000000001,0.32171443498355207,8.292934412903946,8
39.24000000000001,-0.003771443327276732,15.612667731695845,10
39.34,0.30755651645521126,8.262587877565691,8
39.34,-0.01884164770154011,15.615328395031671,10
39.44,0.29334657209649306,8.251753035046988,8
39.44,-0.033902762569497175,15.621533510634466,10
39.540000000000006,0.2791889364063937,8.288098617589322,8
39.540000000000006,-0.049344420344960796,15.518246358570256,10
39.64,0.26494079572160956,8.263940422237924,8
39.64,-0.06478439677674604,15.645377180126813,10
39.74000000000001,0.2506711311711796,8.23408666036894,8
39.74000000000001,-0.07993957839727565,15.662574610476149,10
39.84,0.23633182121637783,8.208974060455075,8
39.84,-0.09533631854881319,15.683777762549012,10
39.94,0.22188640156630923,8.187793113921607,8
39.94,-0.1107790613953792,15.403980773862429,10
40.040000000000006,0.2074234206579633,8.164047982222774,8
40.040000000000006,-0.12614563662620767,15.392057458811605,10
40.14,0.19292893932505664,8.133405580453429,8
40.14,-0.1416062544160882,15.218139681186598,10
40.24000000000001,0.17838816951937095,8.03854290895311,8
40.24000000000001,-0.15704366888945848,15.355448317870483,10
40.34,0.16373021047542785,8.004058370072778,8
40.34,-0.1725679762995134,15.178313764315504,10
40.44,0.14908858904895428,7.985641008173192,8
40.44,-0.18814305229928863,15.074016241802962,10
40.540000000000006,0.13437041368824273,7.9683614373705005,8
40.540000000000006,-0.20368729631926533,15.09854226507487,10
40.64,0.11952909714047995,7.955802970725036,8
40.64,-0.2192806121618923,15.127447074068524,10
40.74000000000001,0.10464553469756795,7.942996983645506,8
40.74000000000001,-0.2348954080723319,14.991067866078938,10
40.84,0.08974672534121762,7.886570946261191,8
40.84,-0.25054380496718276,15.014135886934238,10
40.94,0.07489775217304893,7.8725584306696375,8
40.94,-0.26619352395329726,15.045633145624043,10
41.040000000000006,0.059993319810034945,7.86285410607164,8
41.040000000000006,-0.28191373184184587,14.936365032487751,10
41.14,0.04485731002213659,7.854970443265328,8
41.14,-0.29766673806791694,14.941780009878741,10
41.24000000000001,0.029550337373031782,7.793993044945495,8
41.24000000000001,0.5126482196174518,13.78743507848241,9
41.24000000000001,-0.31342367236000285,14.869149175369365,10
41.34,0.013921096449640095,7.807034825566906,8
41.34,0.49854500266144786,13.741989427156838,9
41.34,-0.3292029379953797,14.69919307241171,10
41.44,-0.0011767340578610057,7.749303579421064,8
41.44,0.4844417525452995,13.72116922410586,9
41.44,-0.3450512400163044,14.67387796497017,10
41.540000000000006,-0.01557551149252879,7.75023828574137,8
41.540000000000006,0.47023669771291765,13.867864994140826,9
41.540000000000006,-0.3608702350106145,14.64024346530964,10
41.64,-0.0311688231381349,7.696882320029763,8
41.64,0.4560386988503619,13.837455681211786,9
41.64,-0.37672328204196087,14.661270429759137,10
41.74000000000001,-0.047157441877526456,7.632029222652724,8
41.74000000000001,0.44182406223786264,13.809998776464694,9
41.74000000000001,-0.3926363810366525,14.594602443588721,10
41.84,-0.06250907680768357,7.652743759649916,8
41.84,0.42760553816086233,13.799671776706996,9
41.84,-0.408547041326426,14.626147572295556,10
41.94,-0.0781429253715116,7.577824942742157,8
41.94,0.41331483759753396,13.776519217726173,9
41.94,-0.4244972445079822,14.56999492388742,10
42.040000000000006,-0.09373629197508006,7.530446803896308,8
42.040000000000006,0.3990316461169793,13.722664397498846,9
42.040000000000006,-0.44047147054883234,14.552468556001294,10
42.14,-0.10931132415741057,7.530468399080381,8
42.14,0.38470073074768574,13.704186311716313,9
42.14,-0.45649937299736393,14.360675063574513,10
42.24000000000001,-0.12503733981124568,7.4923098566407536,8
42.24000000000001,0.37035624617442325,13.698961891659199,9
42.24000000000001,-0.4725291733822849,14.340506908982844,10
42.34,-0.14075496536314555,7.4661498272069995,8
42.34,0.3559164302842146,13.682492590077267,9
42.34,-0.48856504036657744,14.342436533176828,10
42.44,-0.1565318753846827,7.4461515749049845,8
42.44,0.3415241535627774,13.641296754438743,9
42.44,-0.5046266512604471,14.30740131003751,10
42.540000000000006,-0.1723155722380944,7.38408209011036,8
42.540000000000006,0.3270554404975193,13.608169505533427,9
42.540000000000006,-0.5207291187827843,14.294218583892295,10
42.64,-0.1884130557363899,7.355949426437847,8
42.64,0.31259461368254604,13.575277268343386,9
42.74000000000001,-0.20446385496376573,7.32259778943122,8
42.74000000000001,0.29808474098028004,13.54272658465341,9
42.84,-0.22053966162439953,7.28606646542147,8
42.84,0.28352042723181653,13.521790820695042,9
42.94,-0.23677813058050787,7.263209073708153,8
42.94,0.26894370580056987,13.52853517689024,9
43.040000000000006,-0.2530114773029568,7.231566164676543,8
43.040000000000006,0.2543183072328446,13.521255296771091,9
43.14,-0.2693558774903202,7.212136990402857,8
43.14,0.2396845992777628,13.488939810884915,9
43.24000000000001,-0.28571184920340986,7.149932952453007,8
43.24000000000001,0.2250039301349463,13.452756425786607,9
43.34,-0.3021316900861034,7.125887428701722,8
43.34,0.2102853697082199,13.440724708459433,9
43.44,-0.3187731638075967,7.106464033419384,8
43.44,0.19555521021418268,13.411137355268975,9
43.540000000000006,-0.3353582708389511,7.0757451379027545,8
43.540000000000006,0.18074451400241331,13.385886503009656,9
43.64,-0.3521942255482235,7.023597135700288,8
43.64,0.16594466103275382,13.359925445369592,9
43.74000000000001,-0.3689562001860412,7.0034658900595,8
43.74000000000001,0.15110613157555747,13.327868829722481,9
43.84,-0.3855744967641827,6.977108063205804,8
43.84,0.13621104093162728,13.39474049914116,9
43.94,-0.4023250446664909,6.921434057091866,8
43.94,0.1213118830366412,13.368924988960272,9
44.040000000000006,-0.4191684758039065,6.906254236743676,8
44.040000000000006,0.10636343519937493,13.346097983966844,9
44.14,-0.4361756427774464,6.873068535102343,8
44.14,0.09135661809602434,13.32624515726157,9
44.24000000000001,-0.45320909845584206,6.84332868295487,8
44.24000000000001,0.07631547834959383,13.309411739628265,9
44.34,-0.47033585900534386,6.81967715425608,8
44.34,0.06126793135319472,13.295619665460062,9
44.44,-0.4874670772773991,6.775390962706773,8
44.44,0.04617837044451224,13.284835244502395,9
44.540000000000006,-0.504679350096908,6.758146513710729,8
44.540000000000006,0.0310764484640428,13.27708381880361,9
44.64,0.016010600276618648,13.108517798666707,9
44.74000000000001,0.0009388073559876085,13.106843496197472,9
44.84,-0.014520836554065756,13.108219660820605,9
44.94,-0.029667053186918823,13.112607723299039,9
45.040000000000006,-0.04495531928665013,13.056304833756114,9
45.14,-0.060453940748763604,13.06698433033997,9
45.24000000000001,-0.07569745805378952,12.984180836557378,9
45.34,-0.09110692543757634,13.000917800110335,9
45.44,-0.10655720184724035,12.954473329634567,9
45.540000000000006,-0.12200176755842973,12.938308464672804,9
45.64,-0.13751967935402487,12.833707257749895,9
45.74000000000001,-0.15303677422209427,12.851530974481834,9
45.84,-0.16860618379584874,12.862126166767123,9
45.94,-0.18422952964439282,12.774729345939473,9
46.040000000000006,-0.1999027500291589,12.637238247690862,9
46.14,-0.21555438079185726,12.638613068540213,9
46.24000000000001,-0.23124786395966926,12.56284205517622,9
46.34,-0.24699356081187926,12.567073965398677,9
46.44,-0.26276367193985145,12.520746716458516,9
46.540000000000006,-0.27858596203252983,12.4928031933129,9
46.64,-0.2944161842798371,12.493407192249618,9
46.74000000000001,-0.3102982532325597,12.4698284006113,9
46.84,-0.3262325404623264,12.354605151720039,9
46.94,-0.342208302054368,12.276324416149267,9
47.040000000000006,-0.35817026339367336,12.275498498438232,9
47.14,-0.3741784066583652,12.268468885976617,9
47.24000000000001,-0.3902164763638141,12.236498396368113,9
47.34,-0.406313869664804,12.229762586765851,9
47.44,-0.4224080264175604,12.20310610024543,9
47.540000000000006,-0.43859112848129284,12.05793309566284,9
47.64,-0.4547697416607643,12.045661583745394,9
47.74000000000001,-0.47097607676167125,12.030569271041069,9
47.84,-0.4871904887544736,12.017866300808894,9
47.94,-0.5034691371159759,12.00242274929958,9
48.040000000000006,-0.5192822150459631,11.871892651575013,9
49.540000000000006,-0.5170551878995266,11.561676030757871,9
49.64,-0.5031175540050992,11.526238561586174,9
49.74000000000001,-0.48917636409598875,11.521955457792124,9
49.84,-0.47518121232192523,11.480040034653657,9
49.94,-0.46116490505364904,11.467432760099005,9
50.040000000000006,-0.44714250363591207,11.450117963445873,9
50.14,-0.43303186700993046,11.410202432371598,9
50.24000000000001,-0.4189222503827586,11.394884383204882,9
50.34,-0.4047614205800892,11.38729639027028,9
50.44,-0.39053601023688184,11.409330036095529,9
50.540000000000006,-0.37631558535572035,11.420239787126969,9
50.64,-0.36206269240745487,11.393753268098783,9
50.74000000000001,-0.3477586768227701,11.374000346266476,9
50.84,-0.3334274773948491,11.362974901889071,9
50.94,-0.3190579608390131,11.311953272431213,9
51.040000000000006,-0.3046528741583573,11.294524624074795,9
51.14,-0.29021913227105195,11.267909638212167,9
51.24000000000001,-0.2757666136768899,11.224911545724517,9
51.34,-0.2612333871940046,11.217108889057318,9
51.44,-0.24670241142273985,11.193834104709163,9
51.540000000000006,-0.23209800700833666,11.164452186985269,9
51.64,-0.2174765910314226,11.196567538994932,9
51.74000000000001,-0.2028136429927791,11.171820929470655,9
51.84,-0.18809337185716302,11.150946601104463,9
51.94,-0.1733517809447039,11.118012092576596,9
52.040000000000006,-0.15856648737174286,11.087774143316341,9
52.14,-0.14374845239043982,11.09685693040765,9
52.24000000000001,-0.1289110132456444,10.998308838858918,9
52.34,-0.11402114419012357,10.97873752442498,9
52.44,-0.09908770613453163,10.962867616362571,9
52.540000000000006,-0.08409593091651403,10.98370127994656,9
52.64,-0.06908845435670313,10.971058300703714,9
52.74000000000001,-0.05406702411917969,10.960901894708154,9
52.84,-0.03905350089916109,10.953236851668203,9
52.94,-0.02401451071935073,10.94804180484307,9
53.040000000000006,-0.008753919596142952,10.833619385766966,9
53.14,0.006591020130062539,10.833439602120015,9
53.24000000000001,0.022045600217336665,10.835837340110695,9
53.34,0.037304100537244235,10.840746386801657,9
53.44,0.0525655160858402,10.63122291571421,9
53.53999999999999,0.06791705481694967,10.641072919613586,9
53.640000000000015,0.08333278616008184,10.653508013407235,9
53.74000000000001,0.09886988102719166,10.668642049807325,9
53.84,0.11432633772678578,10.525493976455582,9
53.94,0.12991531984858568,10.538891552974787,9
54.03999999999999,0.14547919192417635,10.469077892526641,9
54.140000000000015,0.16111886204380182,10.449121704277468,9
54.24000000000001,0.17682248875667647,10.480511091392872,9
54.34,0.19254143693601414,10.39610365264004,9
54.44,0.20830848622072656,10.342657325843108,9
54.53999999999999,0.2241428640829633,10.26850380561623,9
54.640000000000015,0.23997901050886647,10.239535001677678,9
54.74000000000001,0.25586852209210953,10.228290414955188,9
54.84,0.2718022763987898,10.197777843152016,9
54.94,0.2877725371668758,10.19664652850072,9
55.03999999999999,0.30377825492050187,10.1602091869637,9
55.140000000000015,0.31989248280421384,10.051488493553267,9
55.24000000000001,0.3359842028351356,10.03954787645148,9
55.34,0.35211934564085756,10.000150551527364,9
55.44,0.3683147282886525,9.987862923595099,9
55.53999999999999,0.3845257787131541,9.980221065594547,9
55.640000000000015,-0.5106057390346023,4.739009815962,8
55.640000000000015,0.4008490270592277,9.885342722590579,9
55.74000000000001,-0.4982818691539346,4.714498294710066,8
55.74000000000001,0.41714828439996343,9.865374316241558,9
55.84,-0.4858968070287117,4.690335520341186,8
55.84,0.4334846996643017,9.847134655449624,9
55.94,-0.4734610160260467,4.6607201072584115,8
55.94,0.44987284620347323,9.828211882988857,9
56.03999999999999,-0.4609722937867816,4.639982511007644,8
56.03999999999999,0.4663571383031108,9.733086725429276,9
56.140000000000015,-0.4484365907605121,4.612632058453763,8
56.140000000000015,0.4828297033818529,9.72231090861685,9
56.24000000000001,-0.4358208791583884,4.589224366557086,8
56.24000000000001,0.4993311757692355,9.70514456079277,9
56.34,-0.42314104750837733,4.566022900301384,8
56.34,0.5159136218923016,9.658290781492033,9
56.44,-0.41039749231559636,4.541790077965371,8
56.53999999999999,-0.3976075787965473,4.515168144727739,8
56.53999999999999,-0.5219536831048165,12.253356394330432,10
56.640000000000015,-0.38473924994368663,4.487629316865837,8
56.640000000000015,-0.5079887434963777,12.228849263023251,10
56.74000000000001,-0.37181962893884934,4.463360894753801,8
56.74000000000001,-0.4939654355240237,12.196775003151178,10
56.84,-0.35880104643943683,4.441112980143698,8
56.84,-0.47996191210327616,12.179081029302584,10
56.94,-0.34572737086819694,4.409163677966495,8
56.94,-0.4658770135229323,12.123192617776217,10
57.03999999999999,-0.3325991542301489,4.381037406226304,8
57.03999999999999,-0.45180439453257315,12.107407539732083,10
57.140000000000015,-0.31937173787920375,4.350252336131712,8
57.140000000000015,-0.43769210336272546,12.11917065674325,10
57.24000000000001,-0.3060477001812267,4.323423227246988,8
57.24000000000001,-0.42345423492458234,12.155523689260654,10
57.34,-0.29265614211247776,4.294659831489939,8
57.34,-0.4092579545606658,12.165029160271068,10
57.44,-0.2792224464454995,4.274569518295972,8
57.44,-0.39504720466745297,12.131495563684283,10
57.53999999999999,-0.26566677117897447,4.241415541111746,8
57.53999999999999,-0.38077645265161164,12.131431705490414,10
57.640000000000015,-0.2520167196172625,4.212566560203926,8
57.640000000000015,-0.36647835063024065,12.101268706792373,10
57.74000000000001,-0.2383497197897308,4.190505927479219,8
57.74000000000001,-0.352142856930605,12.073001587243487,10
57.84,-0.22451742316146608,4.1642355209631345,8
57.84,-0.3377891024642265,12.036828725371834,10
57.94,-0.2106502396839056,4.132269414999052,8
57.94,-0.32337868050669255,12.004153745285482,10
58.03999999999999,-0.1966697824036412,4.1022205501737785,8
58.03999999999999,-0.30895792858538107,11.99538997926244,10
58.140000000000015,-0.1825794109408398,4.073899392013881,8
58.140000000000015,-0.2944787186694277,11.994820643812677,10
58.24000000000001,-0.1684985709380782,4.047910274717805,8
58.24000000000001,-0.27999400094889637,11.959719167843023,10
58.34,-0.15425640667890203,4.023793659521175,8
58.34,-0.26544319824507884,11.930359142992405,10
58.44,-0.1399759479528216,3.99196039113829,8
58.44,-0.25089881813608833,11.89720997681264,10
58.53999999999999,-0.1255275839935447,3.9512869700778817,8
58.53999999999999,-0.2362953792204218,11.86958140560901,10
58.640000000000015,-0.1110142393221844,3.9287222053475466,8
58.640000000000015,-0.22162855115951635,11.842865526884022,10
58.74000000000001,-0.09634724602710047,3.8989708132904357,8
58.74000000000001,-0.20695427984248835,11.818161574637408,10
58.84,-0.08170678207340602,3.868049385274674,8
58.84,-0.19222849349507187,11.773992359587908,10
58.94,-0.06690215161821782,3.8379721993904976,8
58.94,-0.17749827691575118,11.769884477758652,10
59.03999999999999,-0.051819742959178565,3.8043322578512564,8
59.03999999999999,-0.16272833680578216,11.745325262777719,10
59.140000000000015,-0.03693150136631954,3.7942081459979047,8
59.140000000000015,-0.14787766033991379,11.724265196634484,10
59.24000000000001,-0.021311019391723002,3.752279085118923,8
59.24000000000001,-0.13298877030175674,11.705775300065067,10
59.34,-0.007049299793327911,3.7251946015489,8
59.34,-0.11812051266887053,11.680249790131958,10
59.44,0.009135732060609412,3.6845501667638416,8
59.44,-0.10320418209277483,11.659874888123642,10
59.53999999999999,0.02463687084809006,3.6619866749599734,8
59.53999999999999,-0.08823760773620529,11.648545778063935,10
59.640000000000015,0.04030616817428331,3.6263372495154025,8
59.640000000000015,-0.07320875494497663,11.637921996559003,10
59.74000000000001,0.05606026551079113,3.5918148631776234,8
59.74000000000001,-0.05810986177624865,11.630800911532711,10
59.84,0.07212564536498521,3.5704541676952926,8
59.84,-0.04286670386009592,11.677254991382583,10
59.94,0.0882822896402246,3.5383964641596024,8
59.94,-0.027782223214714505,11.67102974658008,10
60.03999999999999,0.104594778552055,3.5098784262581093,8
60.03999999999999,-0.012715323706185997,11.540648749282894,10
60.140000000000015,0.121037332242809,3.4802424283081774,8
60.140000000000015,0.0023548121324736154,11.539747813686146,10
60.24000000000001,0.13753740288455724,3.443297570870493,8
60.24000000000001,0.017473790744777017,11.541477773219864,10
60.34,0.1542471612235707,3.4082981148363145,8
60.34,0.0328849703112531,11.545958278796446,10
60.44,0.17110627792188726,3.386062774403712,8
60.44,0.04841129039565189,11.429023069989594,10
60.53999999999999,0.18814821068770507,3.352732765330479,8
60.53999999999999,0.06369595997534541,11.438829677468837,10
60.640000000000015,0.20528437416511647,3.3224897848987758,8
60.640000000000015,0.07902005878534839,11.394773430938068,10
60.74000000000001,0.22257921450221185,3.2941483796252506,8
60.74000000000001,0.09449780132906553,11.291759006769015,10
60.84,0.24006129492320719,3.2602947493075916,8
60.84,0.11003718211239422,11.243303063323436,10
60.94,0.2576751180271777,3.233467349391074,8
60.94,0.12546985094475102,11.20721825167975,10
61.03999999999999,0.2755046538510428,3.2015861209451137,8
61.03999999999999,0.14105361011844264,11.193313737745559,10
61.140000000000015,0.2934721936295559,3.1745269979940027,8
61.140000000000015,0.15664443677159562,11.130768980585723,10
61.24000000000001,0.31167094088320274,3.145298614293311,8
61.24000000000001,0.1722578052508144,11.110560710533882,10
61.34,0.33016861770319006,3.117852179348829,8
61.34,0.18793054630622266,11.0741462372789,10
61.44,0.34884033926095503,3.081645321534204,8
61.44,0.2036614121848686,11.072365616296445,10
61.53999999999999,0.3676933106243088,3.058212390599909,8
61.53999999999999,0.21939039114444428,11.083780185483793,10
61.640000000000015,0.3866977538669633,3.030302528963005,8
61.640000000000015,0.23519921329592888,11.022373805542971,10
61.74000000000001,0.4057874102784452,2.998699361393742,8
61.74000000000001,0.251033132479272,10.95141069602175,10
61.84,0.4249935483017228,2.9738240312433106,8
61.84,0.26693905657127215,10.872314009879343,10
61.94,0.44440916331352676,2.9405418449521807,8
61.94,0.28282468133863553,10.84766163884287,10
62.03999999999999,0.4640397487064469,2.9184983058976797,8
62.03999999999999,0.2987651796138232,10.8364488112911,10
62.140000000000015,0.48387727525177815,2.888395223082564,8
62.140000000000015,0.3147598425696045,10.803389861700126,10
62.24000000000001,0.33079317612531567,10.805603871323818,10
62.34,0.34683666375844135,10.680416323598443,10
62.44,0.36298582376638394,10.652934784172563,10
62.53999999999999,0.3791272889030848,10.647154445692523,10
62.640000000000015,0.3952780504537089,10.623589979424445,10
62.74000000000001,0.4114963987473993,10.5991697569123,10
62.84,0.42776151397088213,10.545690128367909,10
62.94,0.44409770568970103,10.477079813986098,10
63.03999999999999,0.460421024769249,10.473943329189368,10
63.140000000000015,0.4767716473466515,10.435166348326426,10
63.24000000000001,0.49318186547993087,10.400407229176295,10
63.34,0.5096685423340547,10.32988058072831,10
74.14000000000001,-0.5140933241957832,13.707003420597063,5
74.24000000000001,-0.4999986257082258,13.679127508270463,5
74.34,-0.4858795503245417,13.667406878499083,5
74.44,-0.4717343241355882,13.624967094959358,5
74.53999999999999,-0.45754481934121544,13.629092872295494,5
74.64000000000001,-0.4433135631037744,13.62735630827329,5
74.74000000000001,-0.4290483088745892,13.647697434733276,5
74.84,-0.41475703818272114,13.683818038422588,5
74.94,-0.4004496795413921,13.67572276131587,5
75.03999999999999,-0.3860984936703469,13.637998806315318,5
75.14000000000001,-0.37174496395233536,13.60422727163985,5
75.24000000000001,-0.3573538335662856,13.565657373971392,5
75.34,-0.3429375396134305,13.540563078063983,5
75.44,-0.328457323178765,13.554801305459568,5
75.53999999999999,-0.313952360680351,13.505838799412292,5
75.64000000000001,-0.2994309168433843,13.481693666655099,5
75.74000000000001,-0.2848764003448659,13.457148680736836,5
75.84,-0.2703189216567604,13.425916220043655,5
75.94,-0.5177081627936685,11.323169687838766,1
75.94,-0.2557003901846214,13.376596319490861,5
76.03999999999999,-0.5038160740678749,11.298322154610387,1
76.03999999999999,-0.24102361245779638,13.370441137521544,5
76.14000000000001,-0.48980156214032783,11.379344727495203,1
76.14000000000001,-0.22635075697732282,13.34530680520069,5
76.24000000000001,-0.4758517855465855,11.357605520672728,1
76.24000000000001,-0.21164330225843522,13.32467237848691,5
76.34,-0.461848593807711,11.315366806109209,1
76.34,-0.1968397287339954,13.387670033714466,5
76.44,-0.44781091642283544,11.29187169733392,1
76.44,-0.18209880630505063,13.360221708245588,5
76.53999999999999,-0.43374409084493626,11.274944588038926,1
76.53999999999999,-0.16728832669221033,13.336996373334753,5
76.64000000000001,-0.41963577293007576,11.243453553934335,1
76.64000000000001,-0.15240468577013605,13.318228058337484,5
76.74000000000001,-0.4055144475044694,11.211218878359897,1
76.74000000000001,-0.1375491919967727,13.289372635252828,5
76.84,-0.3913493602168887,11.18878144871021,1
76.84,-0.5037301821372091,7.26689934636799,3
76.84,-0.12264586503727898,13.265605277457151,5
76.94,-0.37711492930478907,11.175776516292347,1
76.94,-0.4904003783190232,7.251209425022244,3
76.94,-0.10769813068685305,13.252132112617778,5
77.03999999999999,-0.36289188060706556,11.143793448639096,1
77.03999999999999,-0.4770051687241871,7.250273470701872,3
77.03999999999999,-0.0926893552805271,13.2468261201284,5
77.14000000000001,-0.3486166401728165,11.10706877584215,1
77.14000000000001,-0.46356789605493337,7.23085175923332,3
77.14000000000001,-0.07766423884069769,13.146465787741247,5
77.24000000000001,-0.334304864857284,11.086472174897983,1
77.24000000000001,-0.4501186325942881,7.206603492829417,3
77.24000000000001,-0.06261962501354866,13.132577153065268,5
77.34,-0.3199605072442444,11.082844491430896,1
77.34,-0.43659531002220614,7.181044579469954,3
77.34,-0.04748164333293587,13.121626337175849,5
77.44,-0.30554086592956253,11.096267993964139,1
77.44,-0.423048264023432,7.15411493977617,3
77.44,-0.03244166069263109,13.113737966232192,5
77.53999999999999,-0.2911081334257253,11.138861373278159,1
77.53999999999999,-0.40944582839446064,7.127615243582825,3
77.53999999999999,-0.01738088249599028,13.108817725078135,5
77.64000000000001,-0.2766334806513134,11.10558312171573,1
77.64000000000001,-0.39578629669105925,7.10444436582362,3
77.64000000000001,-0.0022584663629847436,13.106871147179076,5
77.74000000000001,-0.262131411508378,11.077517203961628,1
77.74000000000001,-0.3820869482444583,7.078466817333056,3
77.74000000000001,0.013186208007846598,13.10797728563117,5
77.84,-0.24759826861005282,11.048430572444321,1
77.84,-0.36832745724827387,7.049886717539372,3
77.84,0.028489397782020615,13.112158574503058,5
77.94,-0.23302784234584528,11.023815651147794,1
77.94,-0.35452981623695545,7.030129943445415,3
77.94,0.04374079530350879,12.959393585778217,5
78.03999999999999,-0.21838851268599938,10.996461308976183,1
78.03999999999999,-0.3406810384869019,7.004533224199104,3
78.03999999999999,0.05886446402090336,12.969461503426007,5
78.14000000000001,-0.2037453516151517,10.972972642751047,1
78.14000000000001,-0.326769051776567,6.97869669881769,3
78.14000000000001,0.07430374698150212,12.982821131309224,5
78.24000000000001,-0.18905159858990064,10.933360594295866,1
78.24000000000001,-0.3128067799387924,6.959532811034984,3
78.24000000000001,0.08974761747973334,12.92953888939828,5
78.34,-0.17433603006706114,10.923441909305595,1
78.34,-0.2987877032335489,6.934528639160153,3
78.34,0.10509689065075452,12.861979875256857,5
78.44,-0.15958328724195261,10.904087327064088,1
78.44,-0.28471702733029164,6.900393043178258,3
78.44,0.12055751453661359,12.817905531685769,5
78.53999999999999,-0.1447574963196164,10.88468988783896,1
78.53999999999999,-0.2705959871446026,6.884249340519588,3
78.53999999999999,0.1360894564726539,12.910378204759834,5
78.64000000000001,-0.1298797463018195,10.867595043558625,1
78.64000000000001,-0.256416828888167,6.857776902999571,3
78.64000000000001,0.15160009178904468,12.837942252842481,5
78.74000000000001,-0.11497108455085871,10.854255922756705,1
78.74000000000001,-0.24217286273057598,6.832826176226554,3
78.74000000000001,0.1671460541747085,12.616922393176637,5
78.84,-0.1000613826606159,10.834329299262286,1
78.84,-0.22787228607673407,6.808097027042082,3
78.84,0.18277908731110584,12.576564610482032,5
78.94,-0.08511518003918392,10.819217950207246,1
78.94,-0.2135223036801691,6.782363036112174,3
78.94,0.19840652785389137,12.604359319396183,5
79.03999999999999,-0.07012590741533464,10.805809869481509,1
79.03999999999999,-0.19911771964290043,6.758111650073434,3
79.03999999999999,0.21404129452934803,12.511958536240911,5
79.14000000000001,-0.05508574257917967,10.702553407903682,1
79.14000000000001,-0.18464855300990773,6.747984409648276,3
79.14000000000001,0.22976403928985675,12.524850933898968,5
79.24000000000001,-0.03995014566832986,10.60101048140402,1
79.24000000000001,-0.17011012063434894,6.73135151675276,3
79.24000000000001,0.2454790542905367,12.468919984927492,5
79.34,-0.024547622869022623,10.619739664812519,1
79.34,-0.15552455315154004,6.686300887907738,3
79.34,0.26123628398367,12.445747430788796,5
79.44,-0.00942271795171282,10.617009879424023,1
79.44,-0.1408931718325959,6.670711472541961,3
79.44,0.2770346930504563,12.435535024891847,5
79.53999999999999,0.005651747654307257,10.61670811375524,1
79.53999999999999,-0.1261765918994619,6.65905120172424,3
79.53999999999999,0.2928726767532026,12.414116200556144,5
79.64000000000001,0.020741002640330703,10.618822522878718,1
79.64000000000001,-0.1113751171151366,6.615954060469862,3
79.64000000000001,0.30871098897436905,12.419349277202459,5
79.74000000000001,0.036059325580202396,10.518261885663755,1
79.74000000000001,-0.09653159997084965,6.606422317940859,3
79.74000000000001,0.32465019184703053,12.240227762103219,5
79.84,0.051514767582559774,10.525388797333042,1
79.84,-0.08162391328425146,6.600142482341055,3
79.84,0.34058792578505465,12.210236763303948,5
79.94,0.06697488164313069,10.495157646398681,1
79.94,-0.06670441126131017,6.5203361612384185,3
79.94,0.3565463622851713,12.212451539859156,5
80.03999999999999,0.08233604094977805,10.443751399655731,1
80.03999999999999,-0.051714114295302135,6.521934078441262,3
80.03999999999999,0.37254863481533457,12.187919051444531,5
80.14000000000001,0.09778368734764518,10.404596969655916,1
80.14000000000001,-0.03667935050365613,6.477856201512037,3
80.14000000000001,0.388559150210046,12.179286438144686,5
80.24000000000001,0.11336818158490809,10.475617182995496,1
80.24000000000001,-0.02115626316707706,6.474948116722169,3
80.24000000000001,0.4046484944579069,12.148407151417794,5
80.34,0.12885118526066575,10.347117124831984,1
80.34,-0.006079942615002918,6.4343847153634215,3
80.34,0.4208016626845994,12.002371044927074,5
80.34,-0.5228510615165739,15.227378210164495,7
80.44,0.14448107192145884,10.34878539956773,1
80.44,0.009092901257883607,6.3957695546866065,3
80.44,0.4369025125542977,11.999162706589258,5
80.44,-0.5088228771174855,15.248355584968127,7
80.53999999999999,0.16015894968267322,10.20303566423121,1
80.53999999999999,0.024357150632091467,6.397402754930794,3
80.53999999999999,0.45303888427869254,11.976139910336162,5
80.53999999999999,-0.4946484315921358,15.19558566641524,7
80.64000000000001,0.17583842441476932,10.19310011864838,1
80.64000000000001,0.040214793956980494,6.324482715802987,3
80.64000000000001,0.4692297942226312,11.963745530011977,5
80.64000000000001,-0.4804343008744403,15.148818773252597,7
80.74000000000001,0.19158187201223076,10.199453850107838,1
80.74000000000001,0.05557392638968944,6.291689929874672,3
80.74000000000001,0.4854573715029507,11.962337808038177,5
80.74000000000001,-0.46629100262317835,15.162142975044743,7
80.84,0.20734765954796072,10.12236776195427,1
80.84,0.07115873933887759,6.269967817962983,3
80.84,0.5017576794405715,11.820949364211675,5
80.84,-0.45188632287907377,15.112069301404855,7
80.94,0.22317653260915332,10.105511349728754,1
80.94,0.08680424745255334,6.253335442280678,3
80.94,0.5180252755013554,11.799981317679173,5
80.94,-0.4377012703157978,15.073868868777383,7
81.03999999999999,0.23901550558069443,10.090843184377643,1
81.03999999999999,0.10256064991431317,6.220276409108849,3
81.03999999999999,-0.42321204886088803,15.046127891071466,7
81.14000000000001,0.25494575371406053,10.065105788790028,1
81.14000000000001,0.11838685306479713,6.1598512766086015,3
81.14000000000001,-0.40890676545147775,15.055881015585065,7
81.24000000000001,0.2709004636114849,9.9827639066152,1
81.24000000000001,0.1342780248801011,6.131246432794479,3
81.24000000000001,-0.3944966718141613,14.978870797260123,7
81.34,0.2868904064856663,9.939073158217287,1
81.34,0.1502352833316966,6.108636304434137,3
81.34,-0.3800620098587831,14.941332751925207,7
81.44,0.302923745922552,9.91752000572379,1
81.44,0.166299918239867,6.085230171400733,3
81.44,-0.36557111995889024,15.102027008053689,7
81.53999999999999,0.3189891136880297,9.905003035330347,1
81.53999999999999,0.1824261002081446,6.033720994162931,3
81.53999999999999,-0.3511086469481023,15.117167667375504,7
81.64000000000001,0.3351173923306743,9.881502935678805,1
81.64000000000001,0.1986176621657791,6.00988927651293,3
81.64000000000001,-0.33661987048824354,15.116584342626824,7
81.74000000000001,0.3512787648760409,9.862703938940678,1
81.74000000000001,0.21488064648028551,5.989947762042115,3
81.74000000000001,-0.3220406101992107,15.03465888596589,7
81.84,0.36752757114621737,9.765164474625463,1
81.84,0.23124907732905925,5.94898307897048,3
81.84,-0.30746795988443854,15.012808032021413,7
81.94,0.38376478764159133,9.74935069900216,1
81.94,0.24769590970784927,5.910041430760012,3
81.94,-0.29284436919737417,14.98996806293066,7
82.03999999999999,0.4000547953687883,9.729718491083519,1
82.03999999999999,0.2642058789330645,5.889415833606532,3
82.03999999999999,-0.2782654483244122,14.964906908290603,7
82.14000000000001,0.4163834176831986,9.707698600266585,1
82.14000000000001,0.2807907802037406,5.852862645572916,3
82.14000000000001,-0.26363227990987387,14.933171722339335,7
82.24000000000001,0.4327875919255035,9.622953894241805,1
82.24000000000001,0.2974712172984114,5.817329972663412,3
82.24000000000001,-0.24888232329404736,15.00044024324504,7
82.34,0.44920441358159746,9.60417322246291,1
82.34,0.31423331363596746,5.796622972484577,3
82.34,-0.23418505701285014,14.961569486321748,7
82.44,0.46565572021646295,9.584267967664353,1
82.44,0.3310933574605368,5.744869913060627,3
82.44,-0.21955165401598323,14.927341724277596,7
82.53999999999999,0.4821519658595781,9.569779340452264,1
82.53999999999999,-0.5107551324798796,10.05781988743398,2
82.53999999999999,0.3480007966925161,5.731598708444963,3
82.53999999999999,-0.20472683628886013,14.880849572611597,7
82.64000000000001,0.49875009626315847,9.484015670069764,1
82.64000000000001,-0.49695266954223327,10.0427569730997,2
82.64000000000001,0.3650171589563639,5.688258771045913,3
82.64000000000001,-0.189952959834076,14.879073570450922,7
82.74000000000001,0.5153154754559082,9.469613714650007,1
82.74000000000001,-0.4831672743465796,10.022302908274172,2
82.74000000000001,0.3821046655660674,5.665147701785077,3
82.74000000000001,-0.17517006543987437,14.853012430527508,7
82.84,-0.4693013836189017,9.988149354715652,2
82.84,0.3993067898146853,5.625872257988023,3
82.84,-0.16039654693518302,14.813788365824736,7
82.94,-0.4554237661634465,9.9648888490645,2
82.94,0.4165518195002387,5.602361791061466,3
82.94,-0.14556279916911968,14.766126794399428,7
83.03999999999999,-0.4415087272550945,9.950921345307115,2
83.03999999999999,0.4339080587842181,5.567174689812653,3
83.03999999999999,-0.1306137226819689,14.779383972088011,7
83.14000000000001,-0.427548404978641,9.915737572838914,2
83.14000000000001,0.4513189145519249,5.545972500503379,3
83.14000000000001,-0.11568610484180128,14.764452105855971,7
83.24000000000001,-0.4135741073136043,9.86956262995276,2
83.24000000000001,0.46885925373934606,5.506903129959187,3
83.24000000000001,-0.10067563252005723,14.820234880165792,7
83.34,-0.39954011958897345,9.871718913588358,2
83.34,0.4864683717807423,5.482553333304219,3
83.34,-0.08564792628777054,14.799440406896569,7
83.44,-0.3854526314473783,9.837835409878439,2
83.44,-0.07070074989339435,14.782121976634473,7
83.53999999999999,-0.3713422657051128,9.832055391535071,2
83.53999999999999,-0.05572180288292842,14.76811340403492,7
83.64000000000001,-0.3571478072098613,9.840171028632872,2
83.64000000000001,-0.4464419471696244,6.323947582676356,3
83.64000000000001,-0.0406201615873613,14.757365569722682,7
83.74000000000001,-0.3429887618926313,9.842162150563079,2
83.74000000000001,-0.43311802880717837,6.305611056003347,3
83.74000000000001,-0.025599355454673133,14.750025216269448,7
83.84,-0.3287507555284507,9.818044994989425,2
83.84,-0.4197476162140629,6.281594790931582,3
83.84,-0.01059881728247347,14.54402039093683,7
83.94,-0.31446576085917377,9.807005628893998,2
83.94,-0.40630986938574115,6.262070522864931,3
83.94,0.0047007012646175005,14.543364176942978,7
84.03999999999999,-0.3001530661857374,9.772719770745132,2
84.03999999999999,-0.3928324253875567,6.238440400908324,3
84.03999999999999,-0.5144499669326852,12.825107120680661,6
84.03999999999999,0.020372255443569152,14.546224984423752,7
84.14000000000001,-0.28581198260538637,9.74342895692109,2
84.14000000000001,-0.379288836935218,6.220374263361213,3
84.14000000000001,-0.5004268813205957,12.815627632346157,6
84.14000000000001,0.035599147137105235,14.55242366204846,7
84.24000000000001,-0.2714071079937463,9.719659445771626,2
84.24000000000001,-0.36570412143290193,6.19504465700193,3
84.24000000000001,-0.4863641144978444,12.778672600285605,6
84.24000000000001,0.050789483857828985,14.56198129797801,7
84.34,-0.2569675346185685,9.692198676291456,2
84.34,-0.3520404816944197,6.180304934223172,3
84.34,-0.47227015003545914,12.756059778200148,6
84.34,0.06599048660419515,14.574927023367685,7
84.44,-0.24250161267015222,9.663144581590993,2
84.44,-0.33833808189829917,6.153814486516494,3
84.44,-0.4581498848476864,12.750906105686946,6
84.44,0.08134663351146397,14.591454714076416,7
84.53999999999999,-0.22797681514414644,9.644091991406595,2
84.53999999999999,-0.32458423072881887,6.130370699139408,3
84.53999999999999,-0.44398470719375904,12.704237179266691,6
84.53999999999999,0.09680478827263476,14.414159743538576,7
84.64000000000001,-0.21342393609697313,9.617436115182038,2
84.64000000000001,-0.31075899747123953,6.104220965334742,3
84.64000000000001,-0.4297951738300598,12.680834113287698,6
84.64000000000001,0.11220541059335706,14.244963124314658,7
84.74000000000001,-0.19878867750550336,9.596588082937355,2
84.74000000000001,-0.2968872450530897,6.080474854211736,3
84.74000000000001,-0.4155813790768684,12.689676342680508,6
84.74000000000001,0.12759369675527155,14.271397473774366,7
84.84,-0.1841545456422439,9.563075953023768,2
84.84,-0.28297503700726406,6.046406910362757,3
84.84,-0.40128584547312385,12.777397870035252,6
84.84,0.14305884930198223,14.301484099480035,7
84.94,-0.1694571953458431,9.535584430921574,2
84.94,-0.2689720123579295,6.019447616682006,3
84.94,-0.38699240628398146,12.735210798863475,6
84.94,0.1586996371733513,14.146905058681385,7
85.03999999999999,-0.1547168785324647,9.516471338630778,2
85.03999999999999,-0.25491905287636224,5.993575727349167,3
85.03999999999999,-0.3726874757351757,12.688862135413887,6
85.03999999999999,0.17418586357511667,14.045489063288366,7
85.14000000000001,-0.13991472755984696,9.519484335451189,2
85.14000000000001,-0.24080151622840615,5.967955609559497,3
85.14000000000001,-0.3583653243165532,12.688015846945497,6
85.14000000000001,0.1897718437075921,14.062812097383867,7
85.24000000000001,-0.12508449986002454,9.504474307612218,2
85.24000000000001,-0.22661287452484358,5.945666388286793,3
85.24000000000001,-0.34394538057759383,12.692450320199319,6
85.24000000000001,0.20528990277048317,13.995706883971962,7
85.34,-0.11020388160066034,9.493676387824275,2
85.34,-0.21235751369941142,5.899367831713464,3
85.34,-0.3295386620030924,12.64411744527233,6
85.34,0.22101175355537467,13.974866084267592,7
85.44,-0.09526866346460472,9.485179928093661,2
85.44,-0.1980419212276363,5.88610541822693,3
85.44,-0.31509677983380224,12.61734950354253,6
85.44,0.23675772833083839,13.991208971648506,7
85.53999999999999,-0.0803395510592294,9.402907793830051,2
85.53999999999999,-0.18365984333517782,5.867172684963434,3
85.53999999999999,-0.30059458470900946,12.59275504480645,6
85.53999999999999,0.2523260673869211,13.917402105822061,7
85.64000000000001,-0.06538589328937823,9.39038819617244,2
85.64000000000001,-0.16919885738804666,5.832024298570101,3
85.64000000000001,-0.2861016295256316,12.55866896159485,6
85.64000000000001,0.2680719463886168,13.919613327953416,7
85.74000000000001,-0.05038414157189325,9.407104593546928,2
85.74000000000001,-0.1546970459137404,5.813558523473706,3
85.74000000000001,-0.27155324904502587,12.516432509819603,6
85.74000000000001,0.2838975418561493,13.952299052039468,7
85.84,-0.03531278386990135,9.318562603095717,2
85.84,-0.14008534727291433,5.800447820425187,3
85.84,-0.25697942398420953,12.503466308451435,6
85.84,0.29949334730674154,13.732998091504392,7
85.94,-0.019786329511842685,9.314576380458693,2
85.94,-0.12541240852786611,5.764315177359344,3
85.94,-0.24234731229758452,12.542925027758809,6
85.94,0.31538832410002327,13.719050193228595,7
86.03999999999999,-0.004713533688781842,9.231875209094541,2
86.03999999999999,-0.11068946110824379,5.754721354844139,3
86.03999999999999,-0.22767028344585744,12.514113886848472,6
86.03999999999999,0.3311643000432064,13.722949050943129,7
86.14000000000001,0.010362533912245148,9.232268340940399,2
86.14000000000001,-0.09588079549694005,5.694323216491285,3
86.14000000000001,-0.21303120034733308,12.486327563417252,6
86.14000000000001,0.3470224017171641,13.668215929776588,7
86.24000000000001,0.025557442503778387,9.234788493803636,2
86.24000000000001,-0.08100469494772371,5.6820699393693515,3
86.24000000000001,-0.19829816001435682,12.461315742880904,6
86.24000000000001,0.3629702127845041,13.627014230667728,7
86.34,0.04122675357574146,9.136246448295632,2
86.34,-0.06605938778788596,5.6441160245698985,3
86.34,-0.18354470441319334,12.433794896928507,6
86.34,0.37894859841106854,13.626066900080845,7
86.44,0.05658636838795642,9.166861920561315,2
86.44,-0.050925250271778945,5.624508744173658,3
86.44,-0.16875549529913786,12.391451586729362,6
86.44,0.3947558881131659,13.577052011891453,7
86.53999999999999,0.07190870574915853,9.12978202416721,2
86.53999999999999,-0.035865864636082184,5.620830985076895,3
86.53999999999999,-0.1539207107451051,12.3961200388668,6
86.53999999999999,0.41092988324903923,13.610820739016667,7
86.64000000000001,0.08744697586796682,9.074284179554681,2
86.64000000000001,-0.020836048215662654,5.588865003790033,3
86.64000000000001,-0.13907548972792563,12.379337365392882,6
86.64000000000001,0.42682058523630406,13.39428114852642,7
86.74000000000001,0.10302890458771582,9.12233955855835,2
86.74000000000001,-0.00547364474779545,5.529530876465904,3
86.74000000000001,-0.1241737426668171,12.365687049464231,6
86.74000000000001,0.4428303205827159,13.400025507272014,7
86.84,0.11855772369314893,9.024448605236625,2
86.84,0.009925362651944204,5.501068138594544,3
86.84,-0.10921109724295772,12.352171203928291,6
86.84,0.4589936689684922,13.359000111410044,7
86.94,0.13423824065547396,8.959083320913,2
86.94,0.025235476711329453,5.474186382765492,3
86.94,-0.09424897573252117,12.337546104714669,6
86.94,0.4750468041582242,13.329627413005865,7
87.03999999999999,0.14993365815764845,8.900335815664542,2
87.03999999999999,0.04064349427058169,5.476966474486563,3
87.03999999999999,-0.07928307005218377,12.326262917817266,6
87.03999999999999,0.49129708955260776,13.417472822343424,7
87.14000000000001,0.16565275539909363,8.905616086154536,2
87.14000000000001,0.056464567080201346,5.419169807967261,3
87.14000000000001,-0.06432567812199909,12.22820805125664,6
87.14000000000001,0.5073668805380604,13.337895597449176,7
87.24000000000001,0.18147654607164057,8.858521961563504,2
87.24000000000001,0.0721106282337738,5.403148644847843,3
87.24000000000001,-0.04930536012007202,12.217765676613578,6
87.24000000000001,0.5234172403412077,13.166949583574167,7
87.34,0.19732249017428224,8.812431443230214,2
87.34,0.08785340441804157,5.370176474368886,3
87.34,-0.03426192701937873,12.210083760853209,6
87.44,0.2132140438698156,8.819430919098409,2
87.44,0.10372087635149528,5.322572580441634,3
87.44,-0.019182518264678126,12.205163369566455,6
87.53999999999999,0.22918961940244562,8.731836058505404,2
87.53999999999999,0.11965050813108274,5.280103658789827,3
87.53999999999999,-0.0035726743145227365,12.202995756947951,6
87.64000000000001,0.2451891971990474,8.695023413602218,2
87.64000000000001,0.13567733043979963,5.259967401589634,3
87.64000000000001,0.011770886294651263,12.203763306411151,6
87.74000000000001,0.26036754756853014,8.685886726896374,2
87.74000000000001,0.15095091755057047,5.240419352639362,3
87.74000000000001,0.025897190340460712,12.207011053015194,6
87.84,0.27349271791297247,8.658219307177113,2
87.84,0.1641652460946214,5.203377632818847,3
87.84,0.038326404265859045,12.073114449768877,6
87.94,0.28445978546485223,8.660633727387838,2
87.94,0.17524219986050157,5.182369893929186,3
87.94,0.04871303603435481,12.078576511217355,6
88.03999999999999,0.2932375742594329,8.629393909539635,2
88.03999999999999,0.18408411985934567,5.163073171746564,3
88.03999999999999,0.05711267434927867,12.08395106330732,6
88.14000000000001,0.29968542074958715,8.630660793774897,2
88.14000000000001,0.19061982815414785,5.149575683818507,3
88.14000000000001,0.06323692125573178,12.0346516096632,6
88.24000000000001,0.303928827981439,8.635013550721075,2
88.24000000000001,0.19488176022111858,5.150411869037339,3
88.24000000000001,0.06752891989110472,12.091808140509892,6
88.34,0.306109721259922,8.640276615363094,2
88.34,0.19708554767609932,5.150845164126831,3
88.34,0.06959522666758429,12.093524001926216,6
88.44,0.3064869847604902,8.637382195889655,2
88.44,0.1974609205315998,5.151231630150636,3
88.44,0.07007485062449333,12.023877625568382,6
88.53999999999999,0.3064869847604902,8.637382195889655,2
88.53999999999999,0.1974609205315998,5.151231630150636,3
88.53999999999999,0.07007485062449333,12.023877625568382,6
88.64000000000001,0.3064869847604902,8.637382195889655,2
88.64000000000001,0.1974609205315998,5.151231630150636,3
88.64000000000001,0.07007485062449333,12.023877625568382,6
88.74000000000001,0.3064869847604902,8.637382195889655,2
88.74000000000001,0.1974609205315998,5.151231630150636,3
88.74000000000001,0.07007485062449333,12.023877625568382,6
88.84,0.3064869847604902,8.637382195889655,2
88.84,0.1974609205315998,5.151231630150636,3
88.84,0.07007485062449333,12.023877625568382,6
88.94,0.3064869847604902,8.637382195889655,2
88.94,0.1974609205315998,5.151231630150636,3
88.94,0.07007485062449333,12.023877625568382,6
89.03999999999999,0.3064869847604902,8.637382195889655,2
89.03999999999999,0.1974609205315998,5.151231630150636,3
89.03999999999999,0.07007485062449333,12.023877625568382,6
89.14000000000001,0.3064869847604902,8.637382195889655,2
89.14000000000001,0.1974609205315998,5.151231630150636,3
89.14000000000001,0.07007485062449333,12.023877625568382,6
89.24000000000001,0.3064869847604902,8.637382195889655,2
89.24000000000001,0.1974609205315998,5.151231630150636,3
89.24000000000001,0.07007485062449333,12.023877625568382,6
89.34,0.3064869847604902,8.637382195889655,2
89.34,0.1974609205315998,5.151231630150636,3
89.34,0.07007485062449333,12.023877625568382,6
89.44,0.3064869847604902,8.637382195889655,2
89.44,0.1974609205315998,5.151231630150636,3
89.44,0.07007485062449333,12.023877625568382,6
89.53999999999999,0.3064869847604902,8.637382195889655,2
89.53999999999999,0.1974609205315998,5.151231630150636,3
89.53999999999999,0.07007485062449333,12.023877625568382,6
89.64000000000001,0.3064869847604902,8.637382195889655,2
89.64000000000001,0.1974609205315998,5.151231630150636,3
89.64000000000001,0.07007485062449333,12.023877625568382,6
89.74000000000001,0.3064869847604902,8.637382195889655,2
89.74000000000001,0.1974609205315998,5.151231630150636,3
89.74000000000001,0.07007485062449333,12.023877625568382,6
89.84,0.3064869847604902,8.637382195889655,2
89.84,0.1974609205315998,5.151231630150636,3
89.84,0.07007485062449333,12.023877625568382,6
89.94,0.3064869847604902,8.637382195889655,2
89.94,0.1974609205315998,5.151231630150636,3
89.94,0.07007485062449333,12.023877625568382,6
90.03999999999999,0.3064869847604902,8.637382195889655,2
90.03999999999999,0.1974609205315998,5.151231630150636,3
90.03999999999999,0.07007485062449333,12.023877625568382,6
90.14000000000001,0.3064869847604902,8.637382195889655,2
90.14000000000001,0.1974609205315998,5.151231630150636,3
90.14000000000001,0.07007485062449333,12.023877625568382,6
90.24000000000001,0.3064869847604902,8.637382195889655,2
90.24000000000001,0.1974609205315998,5.151231630150636,3
90.24000000000001,0.07007485062449333,12.023877625568382,6
90.34,0.3064869847604902,8.637382195889655,2
90.34,0.1974609205315998,5.151231630150636,3
90.34,0.07007485062449333,12.023877625568382,6
90.44,0.3064869847604902,8.637382195889655,2
90.44,0.1974609205315998,5.151231630150636,3
90.44,0.07007485062449333,12.023877625568382,6
90.53999999999999,0.3064869847604902,8.637382195889655,2
90.53999999999999,0.1974609205315998,5.151231630150636,3
90.53999999999999,0.07007485062449333,12.023877625568382,6
90.64000000000001,0.3064869847604902,8.637382195889655,2
90.64000000000001,0.1974609205315998,5.151231630150636,3
90.64000000000001,0.07007485062449333,12.023877625568382,6
90.74000000000001,0.3064869847604902,8.637382195889655,2
90.74000000000001,0.1974609205315998,5.151231630150636,3
90.74000000000001,0.07007485062449333,12.023877625568382,6
90.84,0.3064869847604902,8.637382195889655,2
90.84,0.1974609205315998,5.151231630150636,3
90.84,0.07007485062449333,12.023877625568382,6
90.94,0.3064869847604902,8.637382195889655,2
90.94,0.1974609205315998,5.151231630150636,3
90.94,0.07007485062449333,12.023877625568382,6
91.03999999999999,0.3064869847604902,8.637382195889655,2
91.03999999999999,0.1974609205315998,5.151231630150636,3
91.03999999999999,0.07007485062449333,12.023877625568382,6
91.14000000000001,0.3064869847604902,8.637382195889655,2
91.14000000000001,0.1974609205315998,5.151231630150636,3
91.14000000000001,0.07007485062449333,12.023877625568382,6
91.24000000000001,0.3064869847604902,8.637382195889655,2
91.24000000000001,0.1974609205315998,5.151231630150636,3
91.24000000000001,0.07007485062449333,12.023877625568382,6
91.34,0.3064869847604902,8.637382195889655,2
91.34,0.1974609205315998,5.151231630150636,3
91.34,0.07007485062449333,12.023877625568382,6
91.44,0.3064869847604902,8.637382195889655,2
91.44,0.1974609205315998,5.151231630150636,3
91.44,0.07007485062449333,12.023877625568382,6
91.53999999999999,0.3064869847604902,8.637382195889655,2
91.53999999999999,0.1974609205315998,5.151231630150636,3
91.53999999999999,0.07007485062449333,12.023877625568382,6
91.64000000000001,0.3064869847604902,8.637382195889655,2
91.64000000000001,0.1974609205315998,5.151231630150636,3
91.64000000000001,0.07007485062449333,12.023877625568382,6
91.74000000000001,0.3064869847604902,8.637382195889655,2
91.74000000000001,0.1974609205315998,5.151231630150636,3
91.74000000000001,0.07007485062449333,12.023877625568382,6
91.84,0.3064869847604902,8.637382195889655,2
91.84,0.1974609205315998,5.151231630150636,3
91.84,0.07007485062449333,12.023877625568382,6
91.94,0.3064869847604902,8.637382195889655,2
91.94,0.1974609205315998,5.151231630150636,3
91.94,0.07007485062449333,12.023877625568382,6
92.03999999999999,0.3064869847604902,8.637382195889655,2
92.03999999999999,0.1974609205315998,5.151231630150636,3
92.03999999999999,0.07007485062449333,12.023877625568382,6
92.14000000000001,0.3064869847604902,8.637382195889655,2
92.14000000000001,0.1974609205315998,5.151231630150636,3
92.14000000000001,0.07007485062449333,12.023877625568382,6
92.24000000000001,0.3064869847604902,8.637382195889655,2
92.24000000000001,0.1974609205315998,5.151231630150636,3
92.24000000000001,0.07007485062449333,12.023877625568382,6
92.34,0.3064869847604902,8.637382195889655,2
92.34,0.1974609205315998,5.151231630150636,3
92.34,0.07007485062449333,12.023877625568382,6
92.44,0.3064869847604902,8.637382195889655,2
92.44,0.1974609205315998,5.151231630150636,3
92.44,0.07007485062449333,12.023877625568382,6
92.53999999999999,0.3064869847604902,8.637382195889655,2
92.53999999999999,0.1974609205315998,5.151231630150636,3
92.53999999999999,0.07007485062449333,12.023877625568382,6
92.64000000000001,0.3064869847604902,8.637382195889655,2
92.64000000000001,0.1974609205315998,5.151231630150636,3
92.64000000000001,0.07007485062449333,12.023877625568382,6
92.74000000000001,0.3064869847604902,8.637382195889655,2
92.74000000000001,0.1974609205315998,5.151231630150636,3
92.74000000000001,0.07007485062449333,12.023877625568382,6
92.84,0.3064869847604902,8.637382195889655,2
92.84,0.1974609205315998,5.151231630150636,3
92.84,0.07007485062449333,12.023877625568382,6
92.94,0.3064869847604902,8.637382195889655,2
92.94,0.1974609205315998,5.151231630150636,3
92.94,0.07007485062449333,12.023877625568382,6
93.03999999999999,0.3064869847604902,8.637382195889655,2
93.03999999999999,0.1974609205315998,5.151231630150636,3
93.03999999999999,0.07007485062449333,12.023877625568382,6
93.14000000000001,0.3064869847604902,8.637382195889655,2
93.14000000000001,0.1974609205315998,5.151231630150636,3
93.14000000000001,0.07007485062449333,12.023877625568382,6
93.24000000000001,0.3064869847604902,8.637382195889655,2
93.24000000000001,0.1974609205315998,5.151231630150636,3
93.24000000000001,0.07007485062449333,12.023877625568382,6
93.34,0.3064869847604902,8.637382195889655,2
93.34,0.1974609205315998,5.151231630150636,3
93.34,0.07007485062449333,12.023877625568382,6
93.44,0.3064869847604902,8.637382195889655,2
93.44,0.1974609205315998,5.151231630150636,3
93.44,0.07007485062449333,12.023877625568382,6
93.53999999999999,0.3064869847604902,8.637382195889655,2
93.53999999999999,0.1974609205315998,5.151231630150636,3
93.53999999999999,0.07007485062449333,12.023877625568382,6
93.64000000000001,0.3064869847604902,8.637382195889655,2
93.64000000000001,0.1974609205315998,5.151231630150636,3
93.64000000000001,0.07007485062449333,12.023877625568382,6
93.74000000000001,0.3064869847604902,8.637382195889655,2
93.74000000000001,0.1974609205315998,5.151231630150636,3
93.74000000000001,0.07007485062449333,12.023877625568382,6
93.84,0.3064869847604902,8.637382195889655,2
93.84,0.1974609205315998,5.151231630150636,3
93.84,0.07007485062449333,12.023877625568382,6
93.94,0.3064869847604902,8.637382195889655,2
93.94,0.1974609205315998,5.151231630150636,3
93.94,0.07007485062449333,12.023877625568382,6
94.03999999999999,0.3064869847604902,8.637382195889655,2
94.03999999999999,0.1974609205315998,5.151231630150636,3
94.03999999999999,0.07007485062449333,12.023877625568382,6
94.14000000000001,0.3064869847604902,8.637382195889655,2
94.14000000000001,0.1974609205315998,5.151231630150636,3
94.14000000000001,0.07007485062449333,12.023877625568382,6
94.24000000000001,0.3064869847604902,8.637382195889655,2
94.24000000000001,0.1974609205315998,5.151231630150636,3
94.24000000000001,0.07007485062449333,12.023877625568382,6
94.34,0.3064869847604902,8.637382195889655,2
94.34,0.1974609205315998,5.151231630150636,3
94.34,0.07007485062449333,12.023877625568382,6
94.44,0.3064869847604902,8.637382195889655,2
94.44,0.1974609205315998,5.151231630150636,3
94.44,0.07007485062449333,12.023877625568382,6
94.53999999999999,0.3064869847604902,8.637382195889655,2
94.53999999999999,0.1974609205315998,5.151231630150636,3
94.53999999999999,0.07007485062449333,12.023877625568382,6
94.64000000000001,0.3064869847604902,8.637382195889655,2
94.64000000000001,0.1974609205315998,5.151231630150636,3
94.64000000000001,0.07007485062449333,12.023877625568382,6
94.74000000000001,0.3064869847604902,8.637382195889655,2
94.74000000000001,0.1974609205315998,5.151231630150636,3
94.74000000000001,0.07007485062449333,12.023877625568382,6
94.84,0.3064869847604902,8.637382195889655,2
94.84,0.1974609205315998,5.151231630150636,3
94.84,0.07007485062449333,12.023877625568382,6
94.94,0.3064869847604902,8.637382195889655,2
94.94,0.1974609205315998,5.151231630150636,3
94.94,0.07007485062449333,12.023877625568382,6
95.03999999999999,0.3064869847604902,8.637382195889655,2
95.03999999999999,0.1974609205315998,5.151231630150636,3
95.03999999999999,0.07007485062449333,12.023877625568382,6
95.14000000000001,0.3064869847604902,8.637382195889655,2
95.14000000000001,0.1974609205315998,5.151231630150636,3
95.14000000000001,0.07007485062449333,12.023877625568382,6
